username,review,product,clean_review
ANDRI,"mendarat dengan aman, packing aman, engga bocor, pengiriman cepat.",Autumn 7% Glycolic Acid Toner Solution Exfoliating Toner Wajah,darat aman packing aman engga bocor kirim cepat
K***s,"thank you, hotto nya asli, pengiriman cepat, harga bersahabat",Hotto Purto Multigrain Superfood Purple Potato Sereal Oat Drink Cereal,thank you hotto nya asli kirim cepat harga sahabat
Awalia,mantap,Azarine Calm My Acne Sunscreen Moisturiser SPF35 PA+++ Sunblock Acne,mantap
gugun,good,Ms Glow Men Energizer Facial Wash / Face Wash MsGlow Men,good
Marissa,sesuai pesanan,Golden Viera Soap Original Asli Paket Hemat 3pcs,sesuai pesan
C***y,"bnr2 berkhasiat minum ini utk diet, jd gak gampang laper.....enak diminum mlm hari biar gak mkn byk2 hehehe......",Hotto Purto Multigrain Superfood Purple Potato Sereal Oat Drink / ECER,benar-benar khasiat minum utk diet jd gak gampang laperenak minum mlm hari biar gak mkn byk2 hehehe
d***f,"parfumnya wangi, cocok buat malam",Braven Code For Men Eau De Parfum Parfume Tahan Lama Fragrance,parfum wangi cocok buat malam
r***n,"wangi dan harum 
cuman sayang mas paket kurang ramah",KELAYA Hair Treatment Shampoo Extract Aloe Vera & Minyak Kemiri,wangi harum cuman sayang mas paket kurang ramah
Neneng,Seller amanahğŸ™,YOU Purifying Bubble Sheet Mask Bubble Detox Masker Wajah Oil Control,seller amanah
h***f,"Wangi : seger fruity di awal terus drydown kayu2 an ada manisnya

Kecocokan : menurutku versatile cocok untuk semua occassion dari pagi siang sore malam",ELVICTO Extrait De Parfum Series For Men EDP Perfume Tahan Lama Cologne Pria,wangi seger fruity awal terus drydown kayu-kayu an manis cocok turut versatile cocok semua occassion pagi siang sore malam
R***y,Sudah sampai dengan selamat. Terimakasih,Ms Glow Men Energizer Facial Wash / Face Wash MsGlow Men,sampai selamat terimakasih
A***a,pengemasan dan pengiriman oke barang aman sip deh pokoknya udh langganan disini,Whitelab Brightening Facial Wash Sabun Muka Pencerah Facewash,emas kirim oke barang aman sip deh pokok udh langgan sini
A***s,"pelayanan mantap. barang ori dan bermanfaat.
sudah reorder.",KELAYA Hair Treatment Shampoo Extract Aloe Vera & Minyak Kemiri,layan mantap barang ori manfaat sudah reorder
C***A,Kualitas barang ok. Penjual responsif. Terima kasih.,Secret Clean Propolis Antiseptic Mouthwash Obat Kumur Pembersih Mulut,kualitas barang jual responsif terima kasih
Sulistyoningsih,sesuai ekspektasi dan coco dg tone kulitnya....suka dech,Nuface Flawless Serum Cushion with SPF 30 PA+++ Medium to High Coverage Bedak Wajah,sesuai ekspektasi coco dg tone kulitnyasuka dech
Zulian,"Stock lama, beruntung segelnya belum terbuka",Azarine Hydrasoothe Sunscreen Gel SPF 45 Sunblock Gel Sun Protection,stock lama untung segel buka
Nono,pesanan semuanya sesuai trimakasih,Dettol Bundling Bar Soap Sabun Batang Anti Bakteri Body Soap,pesan semua sesuai trimakasih
Nono,trimakasih pesanan sesuai paking cukup aman,Dettol Refill Body Wash Sabun Mandi Cair Anti Bakteri Body Shower,trimakasih pesan sesuai paking cukup aman
Nono,trimaksih pesann SDH sampai,Kojie San Skin Lightening Soap - Kojic Acid Soap Body Soap Kojie San,trimaksih pesann sdh
Syah,"Barang sudah diterima, instan sesuai jadwal. Mooi viral cepat habis",Mooi Pure Glow Tone Up Booster Serum Glowing Wajah Lotion Pencerah Kulit Hand Body Body Lotion,barang terima instan sesuai jadwal mooi viral cepat habis
A***a,"thanks, pesanan sampai... good conditions...",NEWLAB Brightlogy C-Gluta 360 Boost Minuman Glutathione Pencerah Kulit,thanks pesan good conditions
A***g,Ok,KELAYA Hair Treatment Shampoo Extract Aloe Vera & Minyak Kemiri,
R***a,"kurirnya cepet , bublle wrapnya tebel cepet meresap , kalo untuk cocok atau engga nya tergantung kulitnya,  mudah menyerap",Pipiqiu 7% Panthenol + 7% Cica Mugwort Skin Barrier Soothing Moisture Gel Pelembab Wajah Moisturizer,kurir cepet bublle wrapnya tebel cepet resap kalo cocok engga nya gantung kulit mudah serap
indra,mantap,The Face Cream Temulawak Krim Wajah Siang & Malam Whitening Cream,mantap
A***d,"minyak rambutnya bagus, awet dirambut dan ga mengganggu kalo keringetan",Mustika Ratu Hair Care - Minyak Zaitun Hair Oil Cem-Ceman Hair Tonic,minyak rambut bagus awet rambut ga ganggu kalo keringetan
M***y,sukaaa bnget moisturizer paling best yg pernah aku coba,Glad2Glow Centella Blueberry 5% Ceramide Pomegranate 5% Niacinamide Yuja Symwhite 377 Moisturizer Pelembab Gel,sukaaa bnget moisturizer paling best yang pernah aku coba
rico,"tutup nya rusak, tidak bisa ditutup",Whitelab Brightening Facial Wash Sabun Muka Pencerah Facewash,tutup nya rusak bisa tutup
R***l,Bahannya pas sih ini jadi mungkin akan beli atau order kembali. apalagi yang punya wajah sensitif.,Azarine x Marvel Calming SkinPair Serum Repair Complex,bahan pas sih jadi mungkin beli order apalagi punya wajah sensitif
Widianto,Tgl exp di bln 03 2025,BROMEN Acne Fight Expert Acne Spot Gel Obat Totol Jerawat Bruntusan,tgl exp bln 03 2025
vandii,"sempet mau ganti variant, tapi ternyata suit tea enak banget dipake buat kerja, wangi nya fresh cowo banget",ELVICTO Extrait De Parfum Series For Men EDP Perfume Tahan Lama Cologne Pria,sempet mau ganti variant nyata suit tea enak banget dipake buat kerja wangi nya fresh cowo banget
A***s,"barang sampai, cman expedisinya yg lama",Kahf Skin Energizing And Brightening Face Wash Sabun Wajah Pria,barang cman expedisinya yang lama
Guruh,"Toner yang ada 5% niacinamide nya bener-bener gong bangetttt bisa mencerahkan dan dia ada klaim whitening*, tapi Saya belum tahu pasti karena belum rutin sebelumnya Saya... ",Autumn 5% NIA â€“ HYA Whitening Toner Badan & Wajah Brightening Toner Face Toner,toner 5 niacinamide nya benerbener gong bangetttt cerah dia ada klaim whitening tahu karena rutin belum saya
P***u,"setia dengan produk whitelab, udah cocok",Whitelab Acne Care Facial Wash Sabun Muka Wajah Jerawat Face Wash,setia produk whitelab udah cocok
Sulthan,wangi,Braven Code For Men Eau De Parfum Parfume Tahan Lama Fragrance,wangi
rarara,bagusss bangetttt,BIOAQUA Fantastic Me Glossy Lip Tint Lip Stain Waterproof LipTint Glass Shine,bagusss bangetttt
W***i,isinya dikit bet uyyy tapi ga papa tetep bagus semoga cocok,Animate Glowing Barrier Skin Repair Series 5in1 Paket Skincare Animate,isi dikit bet uyyy ga papa tetep bagus moga cocok
E***o,"Alhamdulillah pesanan sudah saya terima dengan baik, pengiriman cepat. Terima kasih buat seller dan kurir, semoga sukses ğŸ’¯ğŸ‘",Bright & Glow Face Soap by Kojic Plankton | Brightening Soap - 40gr,alhamdulillah pesan saya terima baik kirim cepat terima kasih buat seller kurir moga sukses
Rendra,ğŸ”¥ğŸ”¥ğŸ”¥ğŸ”¥ğŸ”¥ top,Gendes Paket Bundling Feminine Wash Foam & Sweet Aromatic Feminine Care Spray Pembersih Kewanitaan,top
Rizqi,"semoga tidak overclaim, moisturizer cukup enak dipake untuk aku yg tipe kulit kering. dpt free masker juga ğŸ’",Pipiqiu 10% Niacinamide + Tranexamic Acid Extra Bright Skin Barrier Moisture Gel Pelembab Moisturizer,moga overclaim moisturizer cukup enak dipake aku yang tipe kulit kering dpt free masker
Moch,"Ori sesuai dengan deskripsi, terima kasih banyak kak...",Azarine Cicamide Barrier Sunscreen Moisturiser SPF35 PA+++,ori sesuai deskripsi terima kasih banyak kak
novita,"teksturnya lembut,ngga padet
blm coba jangka panjang smg cocokâ—",Animate Instant Whitening Glowing Acne Series Paket Skincare Wajah,tekstur lembutngga padet blm coba jangka panjang smg cocok
p***e,"sesuai pesanan, pengiriman cepat pengemasan rapih â¤ï¸",Autumn 7% Glycolic Acid Toner Solution Exfoliating Toner Wajah,sesuai pesan kirim cepat emas rapih
Lasmini,"barang yg datang sekilas nampak sama tulisan dr shindu putri di tutupin, trs isi cairanya beda sama yg pertama saya beli , klo yg prtma saya beli cairanya putih, yg sekar... ",Reglow Sunscreen Luxury Glow Up Protection SPF 50 PA+++ Sunblock Spray,barang yang datang kilas nampak sama tulis dr shindu putri tutupin terus isi cairanya beda sama yang pertama beli klo yang prtma beli cairanya putih yang sekar
GeeK,trima kasih paket sudah mendarat dan sesuai dengan pesanan,The Originote Bright B3 Serum Niacinamide + Glutathione - 20ml,trima kasih paket darat sesuai pesan
Zarya,"Paket ok, aman dengan bubble wrap. Produk ok, sesuai, tidak terlihat cacat dan EXP masih lama. Terina kasig.",Somethinc Low pH Gentle Jelly Cleanser Sabun Wajah Face Wash Somethinc,paket aman bubble wrap produk sesuai lihat cacat exp lama ina kasig
H***a,baguss,Autumn 5% NIA â€“ HYA Whitening Toner Badan & Wajah Brightening Toner Face Toner,baguss
n***a,"teksturnya agak susah dibland,tapi masih gampang ngerti gak sihhğŸ˜­,tipkul aku normal to dry semoga cocokğŸ’‹ğŸ’‹",Animate Instant Glow Sunscreen Protection Sunblock Wajah SPF50+,tekstur susah diblandtapi gampang ngerti gak sihhtipkul aku normal to dry moga cocok
jumaini,belum ada hasilnya masih 2 hari pemakaian,Autumn 5% NIA â€“ HYA Whitening Toner Badan & Wajah Brightening Toner Face Toner,ada hasil 2 hari pakai
A***s,Pengiriman sampai 6 hari,Herborist Olive Oil + Collagen Series Minyak Zaitun Collagen,kirim 6 hari
susilawati,cepatbpengirimannya,Nuface Nu Flawless Loose Powder Series Bedak Tabur Wajah,cepatbpengirimannya
f***i,"product sesuai dengan deskripsi, baru 3 hari pakai udah terasa perbedaanya. cuman pengirimannya aja lama",KELAYA Hair Treatment Shampoo Extract Aloe Vera & Minyak Kemiri,product sesuai deskripsi baru 3 hari pakai udah asa perbedaanya cuman kirim aja lama
Bayu,bagus,STUDIO TROPIK Priming Water BB Size Series Setting Spray,bagus
G***g,enak wanginya bau kue ada aroma vanilla sedikit sebelumnya nyoba yg black vanilla seger kalo yg ini maniss kalo didiemin lama2 jadi soft wanginya,Evangeline Premium EDP 100ml Parfum Wanita Perfume Tahan Lama,enak wangi bau kue aroma vanilla sedikit belum nyoba yang black vanilla seger kalo yang maniss kalo didiemin lama2 jadi soft wangi
Annishaa,"Bagus barang sesuai pesanan, cantik aku suka 
Pengiriman cepat respon toko juga cepat.
Tokonya amanah terimakasih yağŸ˜˜",Body White AHA Body Booster White Serum,bagus barang sesuai pesan cantik aku suka kirim cepat respon toko cepat toko amanah terimakasih
Muhammad,bagus  cepat memutihkan dan tidak lengket,KOJIE SAN Body Lotion Series Hand Body Pemutih Kojiesan,bagus cepat mutih tidak lengket
Diffa,"lucu bangett gemes, aku dapet free produk sheet mask juga makasih yaaa",Pipiqiu 7% Panthenol + 7% Cica Mugwort Skin Barrier Soothing Moisture Gel Pelembab Wajah Moisturizer,lucu bangett gemes aku dapet free produk sheet mask makasih yaaa
mitha,tekstur ringan wanginya enak,Mooi Pure Glow Tone Up Booster Serum Glowing Wajah Lotion Pencerah Kulit Hand Body Body Lotion,tekstur ringan wangi enak
R***d,Semoga cocok. Respon admin positif,AMATERASUN UV Sunscreen Serum SPF 50+ PA++ Sunblock Wajah,moga cocok respon admin positif
R***d,Packingan mantabb. kiriman sesuai,Braven Black Series - 100ml Eau De Parfume Men,packingan mantabb kirim sesuai
R***d,pesan yg coklat dapat yang abu2,Kahf Gentle Exfoliating Face Scrub Sabun Wajah Noda Hitam Pria,pesan yang coklat yang abu2
O***a,"packing rapi, makasih",Autumn 5% NIA â€“ HYA Whitening Toner Badan & Wajah Brightening Toner Face Toner,packing rapi makasih
G***g,"Barang Original
Wangi Dan Tahan Lama Cocok Dipakai Siang Hari",Braven Men Sport Deodorant Roll On - 50ml Anti Perspirant Quick Dry,barang original wangi tahan lama cocok pakai siang hari
zzavii,"sumpa bagus BANGETTT, aku co tanggal 27 sampe tanggal 28. IH LOVV LOVV BGTTT. dapat harga 14k lagii MAKASII SELLER DAN TOKOPEDIAğŸ˜»ğŸ˜»ğŸ˜»ğŸ˜»ğŸ˜»ğŸ˜»",Glad2Glow Centella Blueberry 5% Ceramide Pomegranate 5% Niacinamide Yuja Symwhite 377 Moisturizer Pelembab Gel,sumpa bagus bangettt aku co tanggal 27 sampe tanggal 28 ih lovv lovv bgttt harga 14k lagi makasii seller tokopedia
T***a,"bagus banget, bau nya tidak menyengat, pas di pakai rasanya seger banget,dan bisa melembabkan kulit, btw type kulit wajah ku berminyak ya ,dan cocok banget pakek ini",Autumn 5% NIA â€“ HYA Whitening Toner Badan & Wajah Brightening Toner Face Toner,bagus banget bau nya sengat pas pakai rasa seger bangetdan melembabkan kulit btw type kulit wajah ku minyak dan cocok banget pakek
pagimin,cepet banget. tanks. toko dn kurir,Braven Collection For Men Eau De Parfum Long Lasting Fragrance Parfume,cepet banget tanks toko dn kurir
Irman,Lawack cikğŸ˜¹,KELAYA Hair Treatment Shampoo Extract Aloe Vera & Minyak Kemiri,lawack cik
Asih,"sepertinya barang yg terima palsu, isinya air putih, bukan seperti aslinya.
sy kecewa 
ada lakban yg menutupi",Reglow Sunscreen Luxury Glow Up Protection SPF 50 PA+++ Sunblock Spray,seperti barang yang terima palsu isi air putih bukan asli sy kecewa ada lakban yang tutup
iwi,"paket udh d terima,kurir nya baik, barang nya ok,next time order lg ğŸ™ğŸ˜Š",The Face Cream Temulawak Krim Wajah Siang & Malam Whitening Cream,paket udh d terimakurir nya baik barang nya oknext time order lg
Vica,"Alhamdulillah pesanan sampe packing Aman. 
dpt harga murah... 
kurir Ramah, tp gag anterin depan rumah.",Glad2Glow Serum Series Centella Acne Serum Yuja Jeju Vit C Retinol Peeling Serum Wajah,alhamdulillah pesan sampe packing aman dpt harga murah kurir ramah tp gag anterin depan rumah
N***n,perih dipakai,Reglow Sunscreen Luxury Glow Up Protection SPF 50 PA+++ Sunblock Spray,perih pakai
Galang,kaget pake banget beli sabun muka dapet bonus kaya gini..,BROMEN Brightening Soap Facial Wash Sabun Cuci Muka Pria Pencerah,kaget pake banget beli sabun muka dapet bonus kaya gin
Farend,mantap,The Originote Ceratides Serum 20ml - Serum Memperbaiki Skin Barrier,mantap
N***i,kulit aku normal cocok pake cream whitening night soalnya mudah juga diaplikasikan enak bikin muka cerah,Night Cream MS Glow | Cream Malam Krim Malam MS Glow Series,kulit aku normal cocok pake cream whitening night soal mudah aplikasi enak bikin muka cerah
G***a,paket sdh smp.dgn amn n pack rapi..smg sllu jd lngganan..tq toped n kurirnya,Reglow Sunscreen Luxury Glow Up Protection SPF 50 PA+++ Sunblock Spray,paket sdh smpdgn amn n pack rapismg sllu jd lngganantq toped n kurir
Lucy,"Fast response, harga bersahabat, recomend seller, tq ya seller

Cocok di kulit saya, ada perubahan jd cerah, flek memudar",SKINTIFIC 10% Vitamin C Brightening Glow Serum Glowing Facial Serum,fast response harga sahabat recomend seller tq seller cocok kulit ada ubah jd cerah flek pudar
Luqman,Awalnya pengen bira sama bajo tapi abis dan seller menawarkan gili dan toba... ternyata cakeeep... ğŸ˜„ğŸ˜†,BLP Airy Tint Lip Tint & Stain Lip Color Matte Tahan Lama,awal ken bira sama bajo abis seller tawar gili toba nyata cakeeep
Landung,wangi fresh,Braven Collection For Men Eau De Parfum Long Lasting Fragrance Parfume,wangi fresh
ADANI,"pengiriman cepat, sudah dilapisi bubble wrap tapi masih penyok boxnya untung ga rusak botolnya mungkin dari pihak pengirimnya",ELVICTO Extrait De Parfum Series For Men EDP Perfume Tahan Lama Cologne Pria,kirim cepat lapis bubble wrap masih penyok boxnya untung ga rusak botol mungkin pihak kirim
Ina,Mantap deh pokoknya real pict ğŸ˜ğŸ˜,BIOAQUA Niacinamide/Hyaluronic/Acne/Hexapeptide Antiaging Serum - 30ml,mantap deh pokok real pict
A***a,Semoga awet,ELVICTO Extrait De Parfum Series For Men EDP Perfume Tahan Lama Cologne Pria,moga awet
Howdy,"sesuai orderan,  cmn telat kirimnya pdhl pake kurir next day krn urgent, penjualnya ga ada info kl barangnya lg abis, kl ga ditanya ga ada infonya...",Evangeline Premium EDP 100ml Parfum Wanita Perfume Tahan Lama,sesuai order cmn telat kirim pdhl pake kurir next day krn urgent jual ga info kl barang lg abis kl ga tanya ga info
Howdy,"sesuai orderan,  cmn telat kirimnya pdhl pake kurir next day krn urgent, penjualnya ga ada info kl barangnya lg abis, kl ga ditanya ga ada infonya...",Scarlett Whitening Eau De Parfum EDP Perfume Tahan Lama Parfume,sesuai order cmn telat kirim pdhl pake kurir next day krn urgent jual ga info kl barang lg abis kl ga tanya ga info
Howdy,"sesuai orderan,  cmn telat kirimnya pdhl pake kurir next day krn urgent, penjualnya ga ada info kl barangnya lg abis, kl ga ditanya ga ada infonya...",Grace And Glow 2in1 Hair Care & Perfume / Parfum Vitamin Rambut Spray,sesuai order cmn telat kirim pdhl pake kurir next day krn urgent jual ga info kl barang lg abis kl ga tanya ga info
Howdy,"sesuai orderan,  cmn telat kirimnya pdhl pake kurir next day krn urgent, penjualnya ga ada info kl barangnya lg abis, kl ga ditanya ga ada infonya...",Talkme Gold Series Parfum Romawi British Oud Parfume Talk Me - 30ml,sesuai order cmn telat kirim pdhl pake kurir next day krn urgent jual ga info kl barang lg abis kl ga tanya ga info
Howdy,"sesuai orderan,  cmn telat kirimnya pdhl pake kurir next day krn urgent, penjualnya ga ada info kl barangnya lg abis, kl ga ditanya ga ada infonya...",MINISO Zodiac Perfume Series Parfum Mini Zodiak EDT Tahan Lama Parfume Travel Eau de Toilette,sesuai order cmn telat kirim pdhl pake kurir next day krn urgent jual ga info kl barang lg abis kl ga tanya ga info
Howdy,"sesuai orderan,  cmn telat kirimnya pdhl pake kurir next day krn urgent, penjualnya ga ada info kl barangnya lg abis, kl ga ditanya ga ada infonya...",Parfum Evangeline Selection 100ml Parfum Wanita Tahan Lama,sesuai order cmn telat kirim pdhl pake kurir next day krn urgent jual ga info kl barang lg abis kl ga tanya ga info
Ahmad,"enak sih pas di pake bagus juga ,cuma pas nyampe barang nya tutup ny ga rapet jadi bocor banyak rembesan di bubble wrap ny , pengiriman ny tolong dong ,itu ada penyok jug... ",Autumn 5% NIA â€“ HYA Whitening Toner Badan & Wajah Brightening Toner Face Toner,enak sih pas pake bagus cuma pas nyampe barang nya tutup ny ga rapet jadi bocor banyak rembes bubble wrap ny kirim ny dong ada penyok jug
rahma,"agak lamat,.. tapi sampai dengan selamat 
baru pertama x pakek si 
semoga cocok ğŸ‘ğŸ‘ğŸ‘",Scarlett Cream Acne / Brightly Day Night Cream Scarlett Whitening,lamat sampai selamat baru pertama x pakek si moga cocok
Jamal,"packing top markotop, pengiriman tepat waktu...baunya segar mantep pokoknya...semoga awet untuk wanginya...recommended untuk tokonya",Braven Collection For Men Eau De Parfum Long Lasting Fragrance Parfume,packing top markotop kirim tepat waktubaunya segar mantep pokoknyasemoga awet wanginyarecommended toko
Bayu,bahannya ringan tekstur lembur kental tp mudah menyerap dan melembapkan dan mencerahkan juga,The Originote Brightening Moisturizer Pelembab Wajah With Niacinamide,bahan ringan tekstur lembur kental tp mudah serap lembap cerah
Bayu,"Bahannya ringan tekstur kental tp mudah menyerap ke kulit, dan lumayan bikin cerah",The Originote Brightening Moisturizer Pelembab Wajah With Niacinamide,bahan ringan tekstur kental tp mudah serap kulit lumayan bikin cerah
Ridwan,sesuai pesanan...thx,Braven Code For Men Eau De Parfum Parfume Tahan Lama Fragrance,sesuai pesananthx
diana,bocor,Mustika Ratu Hair Care - Minyak Zaitun Hair Oil Cem-Ceman Hair Tonic,bocor
Risky,Sipp,Ms Glow Men Energizer Facial Wash / Face Wash MsGlow Men,sipp
R***a,"produk sesuai pesanan. penjual responsif, expired msh lama. terimakasih.",Makarizo Hair Energy Fibertherapy Conditioning Shampoo Shampo 2in1,produk sesuai pesan jual responsif expired msh lama terimakasih
F***n,Oke oke oke...,ELVICTO Deep Clean Facewash Sabun Pembersih Wajah Facewash For Men,oke oke oke
E***a,"Terimakasih gift no wonder 8 nya, bagus & terpakai",Somethinc HYALuronic9+ Advanced + B5 Serum Wajah Hydrathing Serum,terimakasih gift no wonder 8 nya bagus pakai
Ahmad,"pengiriman sangat lama, jadi bintang 4 saja",Glad2Glow Toner Centella Propolis Brightening Exfoliating Toner Face Toner Acne,kirim sangat lama jadi bintang 4
D***i,bsnahabbaabananananananananananananananannaannaananan,Parfum Pria Braven Sport -100ml Eau De Parfum Men Tahan Lama,bsnahabbaabananananananananananananananannaannaananan
Hera,"pas buka wrappingx,, yg variant refresh agak tumpah sdkit jdi btol nya bsah tpi takpelah 
semoga cocok",Kelaya Hair Revitalizer Mist Hair Parfum Vitamin Rambut Hair Care,pas buka wrappingx yang variant refresh tumpah sdkit jdi btol nya bsah tpi takpelah moga cocok
Hera,"baru coba
semoga cocok",Kelaya Hair Care Series Hair Serum & Hair Treatment Minyak Kemiri,baru coba moga cocok
Mardi,"Produknya kurang menunjukkan hasil, kekurangan nya memiliki efek white cast yang mana setelah penggunaan, kulit  jadinya lebih ke pucat dan tidak fresh, setelah penggunaa... ",KOJIE SAN Body Lotion Series Hand Body Pemutih Kojiesan,produk kurang tunjuk hasil kurang nya milik efek white cast mana guna kulit jadi lebih pucat tidak fresh penggunaa
Gie,"ini untuk cewek atau udah cerah dari aslinya kalau cocok bikin tambah aegerrrr...kalau untuk kulit gelap/cowok lumayan bikin cerah, cuma melembabkan aja. tapi dipakai ena... ",Nuface Nu Glow Facial Serum Vitamin C - 20 ml,cewek udah cerah asli kalau cocok bikin tambah aegerrrrkalau untuk kulit gelapcowok lumayan bikin cerah cuma melembabkan aja pakai ena
Gie,"ini untuk kulit cewek atau udah cerah dari aslinya... kalau untuk kulit gelap/cowok ga bakalan cerah, cuma melembabkan aja. tapi dipakai enak cepet merata. 
trims Tokoped... ",Nuface Nu Glow Liquid Brighten & Supple Skin Serum (Niacinamide Serum),kulit cewek udah cerah asli kalau untuk kulit gelapcowok ga bakal cerah cuma melembabkan aja pakai enak cepet rata trims tokoped
D***a,"barang mendarat dengan selamat..
wanginya lumayan tahan lama.",Braven Collection For Men Eau De Parfum Long Lasting Fragrance Parfume,barang darat selamat wangi lumayan tahan lama
F***h,"Oke barang sesuai pesanan.. packing aman, exp date aman.. mantap ğŸ‘",Secret Clean Propolis Antiseptic Mouthwash Obat Kumur Pembersih Mulut,oke barang sesuai pesan packing aman exp date aman mantap
Erni,krim nya bau tidak seperti biasa nya,MS Glow Whitening Day Cream | Krim Crem Pagi Ms Glow,krim nya bau seperti biasa nya
Muhammad,"pas di unbox puas banget pacing rapih udah pake bubble warp sama ada kardusnya, mantep abiesss",Braven Collection For Men Eau De Parfum Long Lasting Fragrance Parfume,pas unbox puas banget pacing rapih udah pake bubble warp sama kardus mantep abiesss
Apipudin,mantaappp.. barang original,MS Glow Men Power Serum Original Serum MSGlow For Men,mantaappp barang original
Apipudin,mantaaappp.. barang original,Ms Glow Men Energizer Facial Wash / Face Wash MsGlow Men,mantaaappp barang original
Irma,"barang sudah sampai, sesuai pesanan makasih kk",SALSA Nail Peel Off Kuteks Set Cat Kuku Nail Polish Halal Kutek Hijab,barang sampai sesuai pesan makasih kk
alpa,maannntaaaappp,Bright & Glow Face Soap by Kojic Plankton | Brightening Soap - 40gr,maannntaaaappp
alpa,joosss,Kahf Skin Energizing And Brightening Face Wash Sabun Wajah Pria,joosss
nur,wangi bener,Braven Black Series - 100ml Eau De Parfume Men,wangi bener
M***d,Parfum sangat wangi untuk harga kantong pelajar,Braven Code For Men Eau De Parfum Parfume Tahan Lama Fragrance,parfum sangat wangi harga kantong ajar
Zulham,"Sesuai dengan pesanan, seller responsif, pengiriman cepat and thanks bonus tasnya",Ms Glow Paket Whitening Series With White Cell DNA Pencerah Wajah MsGlow,sesuai pesan seller responsif kirim cepat and thanks bonus tas
s***a,"barang ori, cocok dikulit berminyak, exp jg masih lama dan sellernya ramah.",EIEM Beauty Series Moisturizer/ Serum Brightening Acne Hydrating Toner,barang ori cocok kulit minyak exp jg lama sellernya ramah
s***a,"barang ori, harga terjangkau dan adminnya ramah bgtt.",Mustika Ratu Hair Care - Minyak Zaitun Hair Oil Cem-Ceman Hair Tonic,barang ori harga jangkau adminnya ramah bgtt
kusmana,paket sudah diterima pengiriman cepat barang ok anak saya senangğŸ‘ğŸ‘,Yessica's Clay Stick Mask Tea Three & Strawberry Anti Pores & Acne Masker Wajah,paket terima kirim cepat barang anak senang
kayvan,"alhamdulillah barangnya sudah sampai dan wanginya enak bangett, nanti mau coba varian lainnya dari elvicto. keep it upp !!",ELVICTO Extrait De Parfum Series For Men EDP Perfume Tahan Lama Cologne Pria,alhamdulillah barang sampai wangi enak bangett mau coba varian lain elvicto keep it upp
Bagus,"barang original, tp yg saya keluhkan ekspedisinya masak sby-blitar aja 8hari.
tokopedia jangan kerjasama dg JNE pliss",Ms Glow Men Energizer Facial Wash / Face Wash MsGlow Men,barang original tp yang keluh ekspedisi masak sbyblitar aja 8hari tokopedia jangan kerjasama dg jne pliss
R***u,wangi bagus tapi kok kalo kena air kek hilang gitu ga bau nya apa emang begitu,Braven Collection For Men Eau De Parfum Long Lasting Fragrance Parfume,wangi bagus kok kalo kena air kek hilang gitu ga bau nya apa emang
Anakva,jos,Mustika Ratu Hair Care - Minyak Zaitun Hair Oil Cem-Ceman Hair Tonic,jos
Yustian,"Bagus, seller cepat tanggap.",Braven Black Series - 100ml Eau De Parfume Men,bagus seller cepat tanggap
F***Y,bagussss,Ms Glow Night Cream White Cell DNA Cream Wajah Pemutih MsGlow,bagussss
B***s,ori jngn diragukan lagi,Glad2Glow Centella Blueberry 5% Ceramide Pomegranate 5% Niacinamide Yuja Symwhite 377 Moisturizer Pelembab Gel,ori jngn ragu
Sulianto,"Packing rapi, barang ori, mantap",Braven Collection For Men Eau De Parfum Long Lasting Fragrance Parfume,packing rapi barang ori mantap
Landeng,barang packing aman..semoga cocok,Mustika Ratu All Series Shampoo 175ml Perawatan Rambut Mustika Ratu,barang packing amansemoga cocok
Kholilah,ngk expec ternyata sebesar itu,Autumn 5% NIA â€“ HYA Whitening Toner Badan & Wajah Brightening Toner Face Toner,ngk expec nyata besar
A***d,wangi lembut,Grace And Glow - Brightening Body Serum 2in1 Parfume,wangi lembut
A***l,Alhamdulillah akhirnya paket datang juga barang datang sesuai pesanan.. makasih seller,MS Glow Whitening Day Cream | Krim Crem Pagi Ms Glow,alhamdulillah akhir paket datang barang datang sesuai pesan makasih seller
Mamik,bagus sesuai,Yessica's 5in1 Crystal Glowing Cream Krim Wajah Goat Milk Moisturizer Facial Moist Pelembab Wajah Yessica,bagus sesuai
Wahyu,"Wanginya sangat nyaman n enak.. gak bikin eneg.. Memang tipe buat malam nih parfum.. 
Kualitas memang bagus..",ELVICTO 10PM Extrait De Parfum For Men EDP Perfume Tahan Lama,wangi sangat nyaman n enak gak bikin eneg memang tipe buat malam nih parfum kualitas memang bagus
c***o,nice,Braven Collection For Men Eau De Parfum Long Lasting Fragrance Parfume,nice
huff,"wanginya g keluar, ky bau air",Parfum Evangeline Batik Elle 100ml / Parfum Wanita Original,wangi g keluar ky bau air
EKO,Barang sdh Sampai & Sesuai Pesanan Thanks,Kelaya Hair Revitalizer Mist Hair Parfum Vitamin Rambut Hair Care,barang sdh sesuai pesan thanks
Antonius,"Pelayanan cepat, pengiriman sesuai estimasi, terima kasih seller dan Tokopedia",Hotto Purto Multigrain Superfood Purple Potato Sereal Oat Drink Cereal,layan cepat kirim sesuai estimasi terima kasih seller tokopedia
Hidayanto,barang sudah sampai terimaksih,Facetology Real Oat Triple Care Facial Gel Cleanser Sabun Cuci Muka,barang sampai terimaksih
Marselinus,Kojie san body scrub dah sampai. MantappppğŸ‘ğŸ‘ğŸ‘,Kojie San Body Scrub Series Lulur Badan Glow Skin Kojic Acid Goat Milk,kojie san body scrub dah mantapppp
s***u,"baru mau coba,,semoga cocok",Autumn 7% Glycolic Acid Toner Solution Exfoliating Toner Wajah,baru mau cobasemoga cocok
L***y,Barang dikemas dengan sangat baik sehingga barang dlm kondisi baik dan bagus. Barang yg diterima sesuai pesanan,Natur-E Advanced Soft Capsule Suplemen Vitamin Penghilang Flek,barang kemas sangat baik barang dlm kondisi baik bagus barang yang terima sesuai pesan
C***e,Pengiriman standart. Barang diterima dengan kondisi baik. Packing juga baik. Terima kasih,YOONA All Night Pads 29cm / 36cm Pembalut Kesehatan Organik Organic Pad,kirim standart barang terima kondisi baik packing baik terima kasih
syabhita,"tekstur nya kayak jelly, semoga cocok deh di aku karena baru nyobain",Glad2Glow Centella Blueberry 5% Ceramide Pomegranate 5% Niacinamide Yuja Symwhite 377 Moisturizer Pelembab Gel,tekstur nya kayak jelly moga cocok deh aku baru nyobain
Shofiyyah,"bahannya ringan, gampang diserap dan enak dipakai pokoknya suka banget deh 
ğŸ’—ğŸ’—ğŸ’—",Glad2Glow Centella Blueberry 5% Ceramide Pomegranate 5% Niacinamide Yuja Symwhite 377 Moisturizer Pelembab Gel,bahan ringan gampang serap enak pakai pokok suka banget deh
P***i,"suka bangett, ga bikin berminyak. tampol banget dah",Nuface Cover Me Sun Shield Sunscreen Wajah SPF 30 / SPF 50 Sunblock,suka bangett ga bikin minyak tampol banget dah
n***y,"baru coba pakai semoga cocok di muka q,, kalau cocok next order lagi,,untuk pengiriman lewat tgl estimasi nya..trmksh mimin",The Face Cream Temulawak Krim Wajah Siang & Malam Whitening Cream,baru coba pakai moga cocok muka q kalau cocok next order lagiuntuk kirim lewat tgl estimasi nyatrmksh mimin
A***i,ok mantaf ğŸ‘,Ms Glow Men Energizer Facial Wash / Face Wash MsGlow Men,mantaf
R***o,meskipun agak riskan lihat packingnya ternyata cukup aman meskipun saat pengiriman paket dilempar kurir botol parfumnya tidak pecah. untuk wangi parfum ini sendiri menuru... ,Braven Code For Men Eau De Parfum Parfume Tahan Lama Fragrance,meski riskan lihat packingnya nyata cukup aman meski kirim paket lempar kurir botol parfum pecah wangi parfum sendiri menuru
n***r,"Produk diterima dengan baik, Ketika digunakan produk bertekstur gel dan ketika di apply langsung merata dan menyerap dalam kulit, overall pemakaian seminggu kurleb ada ef... ",Pipiqiu 7% Panthenol + 7% Cica Mugwort Skin Barrier Soothing Moisture Gel Pelembab Wajah Moisturizer,produk terima baik guna produk tekstur gel ketika apply langsung rata serap kulit overall pakai minggu kurleb ef
lilis,sama kaya yang di foto semoga bagus,N Pure Cica Clear Pad Sachet Peeling Kapas Pembersih Wajah Npure,sama kaya di foto moga bagus
R***a,dapatnya yg potent hiks hiks...pdhl berharap yg 10% krn lebih nampol.,SKINTIFIC 10% Vitamin C Brightening Glow Serum Glowing Facial Serum,dapat yang potent hiks hikspdhl harap yang 10 krn lebih nampol
t***t,mantap aromanya eank,Parfum Evangeline Batik Aura 100ml / Evangeline Batik 100ml Aura,mantap aroma eank
a***a,mantappp,Animate Instant Whitening Glowing Acne Series Paket Skincare Wajah,mantappp
Fery,Sesuai foto dan deskripsi. Terima kasih.,Kahf Skin Energizing And Brightening Face Wash Sabun Wajah Pria,sesuai foto deskripsi terima kasih
F***d,Agak ada white cast nya,Azarine Hydracool Ceraspray Sunscreen SPF 50 PA+++ Sunscreen Spray ,ada white cast nya
J***e,baguss,Chroma Bright Brightening Body Soap Flohera Sabun Mandi Pemutih Badan,baguss
y***a,blm dicoba smga cck asli gede bgt barang nya,Autumn 5% NIA â€“ HYA Whitening Toner Badan & Wajah Brightening Toner Face Toner,blm coba smga cck asli gede banget barang nya
Fauziah,bagus cuman ini bukan botol pum nya,Facetology Triple Care Hydra Cleanse Micellar Water Pembersih Make Up,bagus cuman bukan botol pum nya
V***a,"yang seri ini wanginya biasa semua, banyak yang sama dengan parfum lainnya. kayanya ketahanannya kurang, intinya spl kurang.",Talkme Star Series Eau De Parfum EDP Parfume Minyak Wangi Luxury Mewah Talk Me,seri wangi biasa semua banyak sama parfum lain kaya tahan kurang inti spl kurang
V***a,"yang ini enak wanginya, tapi masih perlu diuji untuk ketahanan",Talkme Perfume Men And Women Set Series Eau De Perfume Parfum ,ini enak wangi masih perlu uji tahan
Raflie,"mantap barang mendarat dengan aman, sudah dipacking dengan bubble wrap",Braven Collection For Men Eau De Parfum Long Lasting Fragrance Parfume,mantap barang darat aman dipacking bubble wrap
F***i,sesuai pesanannn,Ms Glow Paket Acne Series Free Pouch / Cream Penghilang Jerawat,sesuai pesanannn
C***A,Kualitas barang ok. Penjual responsif. Terima kasih.,TRUEVE Gentle Low pH Facial Cleanser,kualitas barang jual responsif terima kasih
Febri,"belum aku coba day cream nya ,semoga cocok di kulit aku,soalnya kulit ku sensitif, aku mau pake day cream nya karena aku gamau di bilang magrib,dan semoga aku cocok biar... ",Animate Instant Whitening Glowing Acne Series Paket Skincare Wajah,aku coba day cream nya moga cocok kulit akusoalnya kulit ku sensitif aku mau pake day cream nya aku gamau bilang magribdan moga aku cocok biar
dini,oke bgtt bikin cerah juga apalagi kalo kringetan yaa bikin muka glowing naturalllğŸ˜ğŸ˜,Animate Acne Solution Series 5in1 Paket Skincare Penghilang Jerawat,oke bgtt bikin cerah apalagi kalo kringetan yaa bikin muka glowing naturalll
L***a,sugoi pokonya,Bioaqua Brightening Facial Exfoliating Gel Scrub Wajah Peeling Gel Face Scrub,sugoi poko
j***a,"suka bgt sama wanginya, overall puasâœ¨",ELVICTO 10PM Extrait De Parfum For Men EDP Perfume Tahan Lama ,suka banget sama wangi overall puas
sonhaji,"sudah cocok dgn ini, gentle gak bikin beruntusan, gak bikin kering tp bs membersihkan dg seksama",NPURE Gel Cleanser Noni Probiotics Cleanse Me Softly,cocok dgn gentle gak bikin beruntus gak bikin kering tp bs bersih dg seksama
yhw,barang bagus tapi kelakuan penjualnya ampun. dia bilang barang ready bisa dikirim gosend instan. ternyata dikirim besoknya itu pun ga dikirim pagi2 tapi siang. alasannya... ,O.TWO.O Makeup Base Cream Invisible Pore Soft Focus Make Up Primer Zero Pores Primer Face Primer,barang bagus laku jual ampun bilang barang ready kirim gosend instan nyata kirim besok pun ga kirim pagi2 siang alas
Benny,"kemarin saya tanyakan apa bisa kirim instant, dijawab bisa, saya bayar dengan biaya kirim instant 3 jam, dan barang baru dikirim keesokan harinya, kalau tahu gitu buat ap... ",Orizen Peach Powder Drink Minuman Serbuk Pelangsing Peach Detox Tea ,kemarin tanya apa kirim instant jawab saya bayar biaya kirim instant 3 jam barang baru kirim esok hari kalau tahu gitu buat ap
r***a,"aman pokoknya, puasss sekaliijsjsjsjwjjsjsn",Autumn 7% Glycolic Acid Toner Solution Exfoliating Toner Wajah,aman pokok puasss sekaliijsjsjsjwjjsjsn
b***y,koq aku coba cek barcode nya tidak terbaca ya..harusnya kan keluar nama produk jika memang sdh terdaftar bpom..jadi ragu deh,Gendes Paket Bundling Feminine Wash Foam & Sweet Aromatic Feminine Care Spray Pembersih Kewanitaan,koq aku coba cek barcode nya baca yaharusnya kan keluar nama produk memang sdh daftar bpomjadi ragu deh
K***a,"penjualnya amanah, terimakasih kak",Parfum Evangeline Batik Elle 100ml / Parfum Wanita Original,jual amanah terimakasih kak
l***i,Packing rapi,The Originote Bright B3 Serum Niacinamide + Glutathione - 20ml,packing rapi
N***e,"perpectğŸ¥°ğŸ¥°ğŸ¥°ğŸ¥°ğŸ¥°ğŸ¥°ğŸ¥°ğŸ¥°ğŸ¥°ğŸ¥°ğŸ¥° 
#thanks dunia kecantikanğŸ˜˜ #thanks tokopediağŸ˜˜ #thanks ID expressğŸ˜˜",Dear Me Beauty Serum Lip Tint / Lip Stain - 3ml,perpect thanks dunia cantik thanks tokopedia thanks id express
Ivan,"Tampak lebih moist, ga bikin kulit ketarik...terima kasih",Clinelle Caviar Gold Firming Cleanser Gel Face Wash Facial Cleanser,tampak lebih moist ga bikin kulit ketarikterima kasih
a***h,"bagus banget, texturenya ringan, gampang menyerap jugaa",Dear Me Beauty Skin Barrier Sunscreen SPF 50 PA++++,bagus banget texturenya ringan gampang serap jugaa
Laili,barang okey... expayert masih lama 2027,The Face Cream Temulawak Krim Wajah Siang & Malam Whitening Cream,barang okey expayert lama 2027
Adinna,bagusss lembutt,Mooi Pure Glow Tone Up Booster Serum Glowing Wajah Lotion Pencerah Kulit Hand Body Body Lotion,bagusss lembutt
Unip,barang sesuai,Glad2Glow Centella Salicylic Acid Acne Gel Cleanser Facial Wash Face Wash Jerawat Sabun Wajah,barang sesuai
Fikri,mantap dapat harga murah,Kahf Triple Protection Sunscreen Moisturizer SPF 30 PA+++ Sunblock,mantap harga murah
Robert,Fast response n delivery ğŸ‘ğŸ»,Nuface Nu Glow Facial Wash Gel Hydra Lock | Brighten | Acne FaceWash,fast response n delivery
Robert,Fast response n delivery ğŸ‘ğŸ»ğŸ‘ğŸ»,Grace And Glow - Body Wash Scrub 2in1 Body Care Parfume,fast response n delivery
A***r,"blind buy yg kesekian kalinya overall mantep, cuma ga berharap lebih di spl nya dengan harga segini, love braven âœŒï¸",Braven Collection For Men Eau De Parfum Long Lasting Fragrance Parfume,blind buy yang sekian kali overall mantep cuma ga harap lebih spl nya harga gin love braven
M***n,Pas sampai di hari libur. Semoga cocok produknya. Terima kasih Admin & kurir :-D,Yessica's 5in1 Crystal Glowing Cream Krim Wajah Goat Milk Moisturizer Facial Moist Pelembab Wajah Yessica,pas di hari libur moga cocok produk terima kasih admin kurir d
Muhammad,mantap,ELVICTO Brightening Serum For Men Serum Wajah Whitening Pencerah ,mantap
A***i,alhamdulillah brg selamat poko nya the best toko nya,Geamoore Parfum Wanita Addicted Series 15ml EDP Geamore Geamor,alhamdulillah brg selamat poko nya the best toko nya
keysha,mantap toko nya amanah, FEALI 5x Pro-Xylane Anti Aging Moisturizing Cream And Goat Milk,mantap toko nya amanah
F***a,"oriii, ringan, ga bikin kulit ketarik, bisa untuk mencerahkan, murah lagiiğŸ˜­ğŸ˜­",MS Glow Face Wash | Sabun Wajah MS Glow MSGlow,oriii ringan ga bikin kulit tarik untuk cerah murah lagi
S***i,mantapp,Braven Code For Men Eau De Parfum Parfume Tahan Lama Fragrance ,mantapp
Alya,"warnanya bagus, lumayan tahan lama",Azarine x Red Velvet Tinted Lippie Cake Lip Tint Stain ,warna bagus lumayan tahan lama
r***a,bahan nya ringgap gampang diserap,STUDIO TROPIK Priming Water BB Size Series Setting Spray,bahan nya ringgap gampang serap
a***a,"sesuai bgt, wangi + ori pokonya mantap dehh ğŸ¥¹ğŸ¤",Mooi Pure Glow Tone Up Booster Serum Glowing Wajah Lotion Pencerah Kulit Hand Body Body Lotion,sesuai banget wangi ori poko mantap dehh
d***i,"melembabkan, beruntusan berkurang, komedo berkurang, bagus deh",NPURE 30ML Face Toner Centella Asiatica (Cica Series),melembabkan beruntus kurang komedo kurang bagus deh
R***a,makasih pesenannya udah datang semoga cocok ğŸ¥°,Ms Glow Paket Acne Series Free Pouch / Cream Penghilang Jerawat,makasih sen udah datang moga cocok
Fadila,bahan nya cepet menyerap,Camille Little Pop Face Mist Setting Spray Makeup Penyegar Wajah ,bahan nya cepet serap
S***i,"Baru pertama pakai, & Smg cocok",BIBILOP Lightening Underarm Spray 2in1 Deodorant & Whitening Cream Deo Spray,baru pertama pakai smg cocok
N***a,maaf min karena barang nyampe gak tempat waktu hampir seminggu malahan jadi â­ 3 dulu yaa,Evangeline Musk Series Parfum Wanita Eau De Parfume Tahan Lama,maaf min barang nyampe gak tempat waktu hampir minggu malah jadi 3 dulu yaa
sasmita,teman saya pakai produk ini cocok di kulitnya.,Glad2Glow Centella Blueberry 5% Ceramide Pomegranate 5% Niacinamide Yuja Symwhite 377 Moisturizer Pelembab Gel,teman pakai produk cocok kulit
C***a,"belum di pakai, semoga warna awet dan hasil memuaskan",Diosys Semir Rambut Cat Pewarna Rambut Hari Color Permanent Dyosis,di pakai moga warna awet hasil muas
A***N,"cocok, udah botol ke 4",Secret Clean Propolis Antiseptic Mouthwash Obat Kumur Pembersih Mulut,cocok udah botol 4
Risa,"bahannya ringan cepet menyerap trus bagus banget, tokonya juga amanah pokoknya the beast dehh",Glad2Glow Centella Blueberry 5% Ceramide Pomegranate 5% Niacinamide Yuja Symwhite 377 Moisturizer Pelembab Gel,bahan ringan cepet serap trus bagus banget toko amanah pokok the beast dehh
B***s,"bau nya enak, lumayan lah buat harga segini ğŸ˜",Braven Collection For Men Eau De Parfum Long Lasting Fragrance Parfume,bau nya enak lumayan lah buat harga gin
Indana,bestttttttğŸ¥°ğŸ¥°ğŸ¥°ğŸ¥°ğŸ¥°ğŸ¥°ğŸ¥°ğŸ¥°ğŸ¥°ğŸ¥°ğŸ¥°ğŸ¥°ğŸ¥°ğŸ¥°ğŸ¥°ğŸ¥°ğŸ¥°ğŸ¥°ğŸ¥°ğŸ¥°ğŸ¥°ğŸ¥°ğŸ¥°ğŸ¥°ğŸ¥°ğŸ¥°ğŸ¥°ğŸ¥°ğŸ¥°ğŸ¥°ğŸ¥°ğŸ¥°ğŸ¥°ğŸ¥°ğŸ¥°ğŸ¥°ğŸ˜ğŸ¥°,Nuface Cover Me Sun Shield Sunscreen Wajah SPF 30 / SPF 50 Sunblock,besttttttt
M***S,bakal jadi member ni kayanya aku,Talkme Black Bacarat - 35ml Eau De Parfume Cowok Tahan Lama Talkme,bakal jadi member ni kaya aku
Y***i,bagus dan harum wangi membuat pipi jadi lebih bersih Oke gitu ya,Body White Aha Brightening Body Toner 250ml Toner Badan ,bagus harum wangi buat pipi jadi lebih bersih oke gitu
S***i,sd dtng kemasan aman,Fameux Body Cream ( Bleaching) 500 ml,sd dtng kemas aman
Yustivan,Mantan pengiriman cepat,FACETOLOGY Triple Care Sunscreen SPF 40 PA+++ Sunblock Wajah ,mantan kirim cepat
F***n,mantaappp barang Sangat sesuaiiğŸ‘ğŸ‘ğŸ‘ğŸ‘ğŸ‘,Braven Code For Men Eau De Parfum Parfume Tahan Lama Fragrance ,mantaappp barang sangat sesuai
Wahyu,Sangat Baik,Yessica's 5in1 Crystal Glowing Cream Krim Wajah Goat Milk Moisturizer Facial Moist Pelembab Wajah Yessica,sangat baik
Dewi,"makasih tokopedia..
dapat diskon 10 rb.
barangnya mantul tdk ada lecet samasekali.
semoga cocok di kulit aku.",Autumn 5% NIA â€“ HYA Whitening Toner Badan & Wajah Brightening Toner Face Toner,makasih tokopedia dapat diskon 10 rb barang mantul tidak lecet samasekali moga cocok kulit aku
Azka,"beli dua, dapet dua..",Parfum Evangeline Batik Aura 100ml / Evangeline Batik 100ml Aura,beli dapet
Susi,after nya ada abuÂ² nya,ISWHITE 5in1 Glow Body Sunscreen SPF 45 PA+++ Sunblock Badan ,after nya abu nya
Angga,"Aromanya enak, meskipun daya tahannya kurang lama ğŸ‘",Braven Collection For Men Eau De Parfum Long Lasting Fragrance Parfume,aroma enak meski daya tahan kurang lama
A***a,"real pict, baguss mana murah bgtt top deh",Mooi Pure Glow Tone Up Booster Serum Glowing Wajah Lotion Pencerah Kulit Hand Body Body Lotion,real pict baguss mana murah bgtt top deh
Dewi,ternyata wangi nya soft banget.. suka sekali,Evangeline Premium EDP 100ml Parfum Wanita Perfume Tahan Lama,nyata wangi nya soft banget suka sekali
Vivi,"Suka bangettt wanginya aku bangett, udah lama pingin beli akhirnya kebeli jugaa, makasihh admin",CARESO Body Frangrance Series - 100ml Body Perfume Spray,suka bangettt wangi aku bangett udah lama pingin beli akhir kebel jugaa makasihh admin
f***i,nyobain ganti dan ternyata nyaman banget gada rasa keset tapi berasa beraih terus wanginya juga gentle bukan yang nyengat parah kayaknya kalau habis bakal purchase merk i... ,Milk Recipe Gentle Feminine Wash Mengurangi Bau Pembersih Kewanitaan,nyobain ganti nyata nyaman banget gada rasa keset asa raih terus wangi gentle bukan nyengat parah kayak kalau habis bakal purchase merk i
S***a,wangi,CARESO Body Frangrance Series - 100ml Body Perfume Spray,wangi
Kj,"efek langsung kerasa, raambut kering kaku langsung jadi lemes, wangi juga. bakal langganan kek nyağŸ˜†",Makarizo Hair Energy FIbertherapy Hair & Scalp Creambath Masker Rambut,efek langsung rasa raambut kering kaku langsung jadi lemes wangi bakal langgan kek nya
M***a,"lucuuu mungil, warnanya juga Pigmented bgt bagusssğŸ˜ğŸ˜",Goute Goublush All in One Cream Blush for Blush On Eye Shadow ,lucuuu mungil warna pigmented banget bagusss
y***i,"fast respon, semoga cocok. makasih",Golden Viera Soap / Sabun Pembersih Wajah Berjerawat / Sabun Jerawat,fast respon moga cocok makasih
Astrid,seller ramah pengiriman cepat puas pokok e,Diosys Semir Rambut Cat Pewarna Rambut Hari Color Permanent Dyosis,seller ramah kirim cepat puas pokok e
m***n,salah kirim,Animate Acne Solution Series 5in1 Paket Skincare Penghilang Jerawat,salah kirim
B***t,"Oke sesuai deskripsi dan pesanan, Terima kasih.....",SKINTIFIC Symwhite 377 Dark Spot Moisturizer Gel Cream Flek Hitam,oke sesuai deskripsi pesan terima kasih
B***t,"Oke sesuai deskripsi dan pesanan, Terima kasih.....",SKINTIFIC 5X Ceramide Serum Sunscreen SPF50 PA++++ Sunblock Wajah UVA,oke sesuai deskripsi pesan terima kasih
Welly,ok,MS Glow Face Wash | Sabun Wajah MS Glow MSGlow,
M***l,"sekitar seminggu pemakaian, masih ada ketombe dan tetep gatel. kurang efektif.",FELAUFEE Dandruff Treatment Serum Shampoo Anti Ketombe Sampo Anti Lepek,minggu pakai ada ketombe tetep gatel kurang efektif
I***a,"Barang datang dengan selamat, packing rapih, produk ringan saat dipakai dan membuat make up tahan lama",STUDIO TROPIK Priming Water BB Size Series Setting Spray,barang datang selamat packing rapih produk ringan pakai buat make up tahan lama
Sri,"produknya,kwalitasnya bgs,sy cocok sdh lama pakai produk ini. dan rasa puas,di kulit wajah JD halus,TDK kering,lembab trs.",Azarine C-White Brightening Facial Cleanser / Face Cleanser Azarine,produknyakwalitasnya bgssy cocok sdh lama pakai produk dan rasa puasdi kulit wajah jd halustdk keringlembab terus
D***a,ğŸ˜ wangi banget parfumnya,Braven Code For Men Eau De Parfum Parfume Tahan Lama Fragrance ,wangi banget parfum
s***i,biar bintang yang berbicaraâ¤ï¸,Vaseline Gluta-Hya Serum Burst Lotion Body Serum Body Lotion,biar bintang bicara
o***a,tekstur nya ringan bahan nya enak pengemasan nya cepet sih pengiriman nya juga ori barang nya,SKINTIFIC 5X Ceramide Skin Barrier Moisture Gel Moisturizer Cream,tekstur nya ringan bahan nya enak emas nya cepet sih kirim nya ori barang nya
Ramadhan,"tidak menyerap di wajah jadi kaya bedakan, dijadiin hand cream aja deh",The Face Cream Temulawak Krim Wajah Siang & Malam Whitening Cream,serap wajah jadi kaya beda dijadiin hand cream aja deh
Nina,wanginya tahan lama,Herborist Juice For Skin Body Serum - 180gr,wangi tahan lama
alkahfi,mantap dengan harga seginu kalo itu bakal beli mulu deh hehe,Kahf Skin Energizing And Brightening Face Wash Sabun Wajah Pria,mantap harga seginu kalo bakal beli mulu deh hehe
N***i,alhamdulillah aman,MS Glow Men Maskulin 2 In 1 Body Lotion Parfume MsGlow For Men,alhamdulillah aman
m***d,good,The Originote Niaceramide Sunscreen Mist SPF 50 PA++++ Sunblock Spray,good
amir,mantap,Reglow Double Action Acne Spot Gel Obat Totol Jerawat Acne Treatment,mantap
Meli,bgus,PERFECT WHITE AHA Body Serum Whitening & Moisturizing Serum Pemutih Badan,bgus
Wuriono,ampuh menghilangkan bau mulut,Secret Clean Propolis Antiseptic Mouthwash Obat Kumur Pembersih Mulut,ampuh hilang bau mulut
dino,berlangganan,KELAYA Hair Treatment Shampoo Extract Aloe Vera & Minyak Kemiri,langgan
dino,berlangganan dan selalu memuaskan,KELAYA Hair Treatment Shampoo Extract Aloe Vera & Minyak Kemiri,langgan selalu muas
D***k,"barang datang aman packing, sesuai gambar.baru dicoba sekali",FELAUFEE Dandruff Treatment Serum Shampoo Anti Ketombe Sampo Anti Lepek,barang datang aman packing sesuai gambarbaru coba sekali
D***y,"barang bagus, penjual fast respon tapi kurir lambat",Ms Glow Paket Luminous Series Free Pouch / Ms Glow Original,barang bagus jual fast respon kurir lambat
Ophi,Mantaff.. Sesuai dengan pesanan,Braven Black Series - 100ml Eau De Parfume Men,mantaff sesuai pesan
Y***i,puas bangettt,Chierra Pink Glow Up Mask Masker Wajah Whitening Agents Clay Mask,puas bangettt
David,"Seller keren banget, kesalahan saya bisa dibantu sm ybs. Semoga selalu ditambahkan rezekinya",SKINTIFIC 10% Vitamin C Brightening Glow Serum Glowing Facial Serum,seller keren banget salah bisa bantu sm ybs moga selalu tambah rezeki
D***i,"wangi baby, seger seger khas gimana gituu",Evangeline Premium EDP 100ml Parfum Wanita Perfume Tahan Lama,wangi baby seger seger khas gimana gituu
Daniel,Packing super aman.,MOSSERU 3% Tranexamic Bright Booster Serum Tranexamic Acid Niacinamide Brightening Serum,packing super aman
a***o,semoga cocok dikulit yg berjerawat.,Golden Viera Soap Original Asli Paket Hemat 3pcs,moga cocok kulit yang jerawat
d***a,"mantap, membuat kaki jadi kinclong dan lembut",Noera Exfoliating Foot Mask Masker Kaki Foot Pedicure,mantap buat kaki jadi kinclong lembut
Dika,puas banget sma Artha skincare wajah nya..enak banget dimukağŸ¥°ğŸ¥°ğŸ‘ğŸ»,Paket Wajah Artha Skincare Wajah Whitening Pencerah Wajah,puas banget sma artha skincare wajah nyaenak banget muka
a***n,mantaaaaaaaaaaaaaaaaaaaaaaaaaaaaaaaaaaaaaaaaaaaaaaaaaaaaaaaaaaaaaaaaaaaaaaaaaaaaaaaaaaaaaaaaaaaaap,Kelaya Hair Revitalizer Mist Hair Parfum Vitamin Rambut Hair Care,mantaaaaaaaaaaaaaaaaaaaaaaaaaaaaaaaaaaaaaaaaaaaaaaaaaaaaaaaaaaaaaaaaaaaaaaaaaaaaaaaaaaaaaaaaaaaaap
Ferdi,"Recommended seller. Fast  and delivery.  Good  quality , and price and original goods.",Braven Men Sport Deodorant Roll On - 50ml Anti Perspirant Quick Dry,recommended seller fast and delivery good quality and price and original goods
Icha,"ordernya kejauhan. Lupa udh balik Jkt. Jd nunggunya kelamaan
tapi warnanya sih cakep. smg di bibir jatuhnya gk tua",O.TWO.O Haute Hydrating Vinyl Lip Gloss Moisturizing High Shine Watery Formula Plump Lip Tint OTWOO,order jauh lupa udh balik jkt jd nunggunya lama tapi warna sih cakep smg bibir jatuh gak tua
Zahra,"packing nya rapi , suka sekali sama produk g2g",Glad2Glow Centella Blueberry 5% Ceramide Pomegranate 5% Niacinamide Yuja Symwhite 377 Moisturizer Pelembab Gel,packing nya rapi suka sekali sama produk g2g
R***n,wangi nya enak cocok untuk malam hari,Braven Code For Men Eau De Parfum Parfume Tahan Lama Fragrance ,wangi nya enak cocok malam hari
Yudi,"So far so good, terasa enteng di muka, gak bikin kaku",ELVICTO Brightening Serum For Men Serum Wajah Whitening Pencerah ,so far so good asa enteng muka gak bikin kaku
Puji,sesuai deskripsi tapi minyak zaitun nya sedikit tumpah karena tutup nya kurang rapat . mohon di beri lakban fragile,Mustika Ratu Hair Care - Minyak Zaitun Hair Oil Cem-Ceman Hair Tonic,sesuai deskripsi minyak zaitun nya sedikit tumpah tutup nya kurang rapat mohon beri lakban fragile
Syaiful,"mantap luar biasa
exp msih lama

cocok untuk aktifitas cwokÂ²",Kahf All-in-One Power Toning Face Spray 100 ml - Toner Wajah Pria,mantap luar biasa exp msih lama cocok aktifitas cwok
Syaiful,"mantap luar biasa
exp msih lama

cocok untuk aktifitas cwokÂ²",Kahf Triple Protection Sunscreen Moisturizer SPF 30 PA+++ Sunblock,mantap luar biasa exp msih lama cocok aktifitas cwok
Amelia,Shamponya bagus bgt pemakain pertama kepala adem dan ketombenya pd kabur,FELAUFEE Dandruff Treatment Serum Shampoo Anti Ketombe Sampo Anti Lepek,shamponya bagus banget pemakain pertama kepala adem ketombe pd kabur
Yanuar,"dapet harga miring, puas banget",Natur-E White Brightening Soft Capsule Suplemen VitaminÂ Kecantikan ,dapet harga miring puas banget
T***i,"kecil tapi buat beruntusan ilang dikit, tapi bagus bgt. semoga cocok",SKINTIFIC 5X Ceramide Skin Barrier Moisture Gel Moisturizer Cream,kecil buat beruntus ilang dikit bagus banget moga cocok
Ridwan,"produk ori, packing ok sangat aman, seller fast respon. 
okok",Azarine Active Bright - Brightening Night Moisturiser - 20gr,produk ori packing sangat aman seller fast respon okok
Mario,ok ori,Ms Glow Men Energizer Facial Wash / Face Wash MsGlow Men,ori
s***i,mantap,FACETOLOGY Triple Care Sunscreen SPF 40 PA+++ Sunblock Wajah ,mantap
a***a,baguuusss banget..aku syuka,Scarlett Whitening Body Lotion Pemutih Badan Hand Body Scarlet,baguuusss bangetaku syuka
D***i,"wanginya kuat, tapi lama-kelamaan memudar",Parfum Evangeline Sakura Red 100ml / Evangeline Sakura Red 100ml,wangi kuat lamakelamaan pudar
Gunawan,Bagus sekali packingnyaa...,TAKEDA Pro TKD-H8 Rapid Dry Hairdryer Pengering Rambut Takeda Hair Dryer,bagus sekali packingnyaa
Gunawan,Bagus sekali packingnya,M-Joptim Repairing Renewal Face Oil Essence Essens Essences Mjoptim,bagus sekali packingnya
Gunawan,Suuper sekalii..,Paket The Favored One BB Glow Beauty Mask & Le Shine Water,suuper sekali
Gunawan,Selalu langganan di Toko ini,Dr Schatz Goji Luminous Serum Lotion Drschatz Bekas Jerawat,selalu langgan toko
Gunawan,Love it....,M-Joptim Astaxanthin Illuminating Toner M Joptim MJoptim,love it
Gunawan,Selalu langganan di toko ini...,M-Joptim Bubble Moisturizing Mask M Joptim MJoptim,selalu langgan toko
Gunawan,Bagus sekali packingnya..,M-Joptim Anti-Wrinkle Lifting Peptide Capsule Kapsul Essence Antiaging,bagus sekali packingnya
Gunawan,Bagus sekali packingnyaa,TakedaPro TKD-9978 Proffesional Hair Dryer 1100W Hairdryer Pengering Rambut Hair Dresser Takeda,bagus sekali packingnyaa
Lukita,"Ringan, lembut di kulit, tidak menyebab iritasi, cocok untuk kulit sensitif, harga bersaing ğŸ‘ğŸ‘ğŸ‘",NPURE Gel Cleanser Noni Probiotics Cleanse Me Softly,ringan lembut kulit sebab iritasi cocok kulit sensitif harga saing
herdika,"aromanya kurang suka, seperti aroma yang bapa bapa",Miniso Garden Of Mirror Bleu Parfum Eau De Parfum Tahan Lama Parfume Men EDP,aroma kurang suka aroma bapa bapa
j***a,"packing tebal, pengiriman cepat",Facetology Triple Care Hydra Cleanse Micellar Water Pembersih Make Up,packing tebal kirim cepat
dedeh,hand bodynya blepotan. karna .pas dibuka tutupnya ga ada  lapisan fowerup,Bibit Ratu Arab Pemutih Badan Original Bibit Pemutih Lotion Badan,hand bodynya blepot karna pas buka tutup ga lapis fowerup
M***d,"barang datang dengan cepat, cuman kenapa ya ko bungkus plastik nya banyak noda dan sedkit berdebu",SKINTIFIC 5X Ceramide Skin Barrier Moisture Gel Moisturizer Cream,barang datang cepat cuman ya ko bungkus plastik nya banyak noda sedkit debu
V***y,"wanginya harum,halus di rambut,cocok di semua tipe rambut",Hair Mask Lae Sa Luay Smooth Keratin Masker Spa Rambut Creambath 250ml,wangi harumhalus rambutcocok semua tipe rambut
Danar,"recommended seller, sudah langganan disini, barang selalu original, barcode tembus",Ms Glow Men Energizer Facial Wash / Face Wash MsGlow Men,recommended seller langgan sini barang selalu original barcode tembus
Jingga,Barang pesanan tidak saya terima,Rintik Skincare No Bump Lotion Acne Body Lotion Kulit Bruntusan Jerawat Punggung & Chicken skin,barang pesan saya terima
Septy,"respon penjual sangat baik,pengiriman cepat packing rapi",Gendes Sweet Aromatic Feminine Spray 7 Miracle Bioactives Merawat Kewanitaan,respon jual sangat baikpengiriman cepat packing rapi
I***u,harum sepanjang hari,Braven Men Sport Deodorant Roll On - 50ml Anti Perspirant Quick Dry,harum panjang hari
iwan,"DAPET HARGA 15RIBU AJAA YWYEYWYYWYWY  7,5/10 DEH WHHEHE",TALKME Sparkling Body Mist Parfum Fragrance Mist Tahan Lama Talk Me,dapet harga 15ribu ajaa ywyeywyywywy 7510 deh whhehe
Darno,"mantap sih keren,,,mandi pagi langsung pake dong ,,,dan wangiiiiiğŸ‘",Gendes Paket Bundling Feminine Wash Foam & Sweet Aromatic Feminine Care Spray Pembersih Kewanitaan,mantap sih kerenmandi pagi langsung pake dong wangiiiii
s***a,"biasa aja wanginya, dominan alkohol, dry downnya aneh :(( mungkin ga cocok ajaa yaa buatku",Evangeline Premium EDP 100ml Parfum Wanita Perfume Tahan Lama,biasa aja wangi dominan alkohol dry downnya aneh mungkin ga cocok ajaa yaa buat
sri,warna bagus sesuai pesanan,O.TWO.O Matte Lipstick Misty Kiss Lock Color Silky 24H Long Lasting Lip Make Up Lip Stik,warna bagus sesuai pesan
N***i,Asli,Facetology Triple Care Hydra Cleanse Micellar Water Pembersih Make Up,asli
i***n,sukak banget sama produk ini,Gendes Sweet Aromatic Feminine Spray 7 Miracle Bioactives Merawat Kewanitaan,sukak banget sama produk
e***a,pesan masker yg dikirim body lotion,White Glow Perfect Mask by SKINFLAIR Masker Wajah Tone Up Pencerah,pesan masker yang kirim body lotion
sukmawati,"pesen 2 sabun kojic plangton,saat dibuka bungkus yg pertama kok warnanya hijau,dan tidak aja jaring untuk tempat sabunnya,terus sy perhatikan bungkus sabunnya ternyata ti... ",Bright & Glow Face Soap by Kojic Plankton | Brightening Soap - 40gr,sen 2 sabun kojic plangtonsaat buka bungkus yang pertama kok warna hijaudan aja jaring tempat sabunnyaterus sy perhati bungkus sabun nyata ti
Widyawati,Alhamdulillah dpt harga discount,Azarine Calm My Acne Sunscreen Moisturiser SPF35 PA+++ Sunblock Acne,alhamdulillah dpt harga discount
ariel,JOSSSSSSSSSS!,Facetology Triple Care Hydra Cleanse Micellar Water Pembersih Make Up,jossssssssss
T***i,dicatatan sudah ditulis minta bagian tutup diselotip agar kuat ga bocor tetapi ga diselotip juga jadi bocor didalam paket,Kojie San Body Wash Series Body Shower Goats Milk Kojic Acid Glow Skin,catat tulis minta bagi tutup diselotip kuat ga bocor ga diselotip jadi bocor dalam paket
Nia,Alhamdulillah kulit sdah agak cerahan sering pakai produk ini,Brightening Booster Gold Powder Serbuk Pemutih Badan Whitening Powder,alhamdulillah kulit sdah cerah sering pakai produk
Muhammad,Makasi penghantaran cepetğŸ‘ğŸ»,SKINTIFIC Mugwort Clay Mask Stick for Kulit Sensitif Masker Wajah Acne,makas hantar cepet
A***r,"cepat sampai nya
barang ori
toko fast respon",KELAYA Hair Treatment Shampoo Extract Aloe Vera & Minyak Kemiri,cepat nya barang ori toko fast respon
h***r,"sesuai, pengiriman barang aman, makasih",Mustika Ratu Hair Care - Minyak Zaitun Hair Oil Cem-Ceman Hair Tonic,sesuai kirim barang aman makasih
A***y,"Bahannya ringan,gampang dibersihkan, gamp",Whitelab Brightening Facial Wash Sabun Wajah Brightening Face Wash,bahan ringangampang bersih gamp
kyysa,sumpah bgs bangetttttt!!!!!!! ğŸ˜,Mooi Pure Glow Tone Up Booster Serum Glowing Wajah Lotion Pencerah Kulit Hand Body Body Lotion,sumpah bgs bangetttttt
Z***a,"best bgt parfumnya, wangi tahan lama dan fresh",TALKME Sparkling Body Mist Parfum Fragrance Mist Tahan Lama Talk Me,best banget parfum wangi tahan lama fresh
S***l,"aman barangnya ga ada kebocoran 
wanginya manis
makasih",Tata Keratin Daily Vitamin Hair Mist Parfum Rambut Hair Parfume ,aman barang ga bocor wangi manis makasih
S***l,"halus brown nya
aman packingannya 
makasih",PINKFLASH Waterproof Easy Eyebrow Pencil Pensil Alis,halus brown nya aman packingannya makasih
E***g,"Produk berkualitas dan original, kecepatan jasa kirim sangat baik",Diosys Semir Rambut Cat Pewarna Rambut Hair Color Permanent - 45 ml,produk kualitas original cepat jasa kirim sangat baik
agustian,"barang bagus, kukira agak gede ternyata segede kutil wkwk",SKINTIFIC 4D Hyaluronic Acid ( HA ) Barrier Essence Toner Pelembab ,barang bagus kira gede nyata gede kutil wkwk
Rully,bagus dan sesuai,Chierra Pink Glow Up Mask Masker Wajah Whitening Agents Clay Mask,bagus sesuai
R***a,"paket datang dalam keadaan bagus dan baik, pengiriman barang sesuai estimasinya, packing nya aman dan rapih, semoga bermanfaat",ISWHITE Whitening Ultimate Body Mask Masker Badan Pencerah Tubuh,paket datang ada bagus baik kirim barang sesuai estimasi packing nya aman rapih moga manfaat
renatadheaaa,cocok buat ngerahin kulit,HOUSEE OF BEAUTY Serum Brightening Glow Up Pure White Booster Glowing ,cocok buat ngerahin kulit
s***o,"produk sesuai deskripsi, packing aman kemasan masih segel, pengiriman cepat",MS Glow Face Wash | Sabun Wajah MS Glow MSGlow,produk sesuai deskripsi packing aman kemas segel kirim cepat
e***a,ringan dan tidak lengket,Facetology Triple Care Hydra Cleanse Micellar Water Pembersih Make Up,ringan tidak lengket
D***o,"seller mwantabs
pengiriman cepat
kurir mwantabs
trimakasih",TALKME Parfum Rich Series 30ML - Parfum Eau De Toilette Tahan Lama,seller mwantabs kirim cepat kurir mwantabs trimakasih
D***o,"seller mwantabs
pengiriman cepat
kurir mwantabs
trimakasih",Talkme Star Series Eau De Parfum EDP Parfume Minyak Wangi Luxury Mewah Talk Me,seller mwantabs kirim cepat kurir mwantabs trimakasih
S***A,"baru pertama kali coba sama produk ini, siapa tau cocok",Mustika Ratu Hair Care - Minyak Zaitun Hair Oil Cem-Ceman Hair Tonic,baru pertama kali coba sama produk siapa tau cocok
Transporter,"Barang sesuai deskripsi
Respon penjual cepat
Ekapedisi sesuai jadwal
Terima kadih semua ğŸ™",Parfum Evangeline Zodiac Capricorn 50ml / Evangeline Zodiak Capricorn,barang sesuai deskripsi respon jual cepat ekapedisi sesuai jadwal terima kadih semua
B***i,mantaps ğŸ‘ğŸ‘ğŸ‘Œ,Talkme Star Series Eau De Parfum EDP Parfume Minyak Wangi Luxury Mewah Talk Me,mantaps
d***a,"makasih ka paketnya udh diterima, maaf ya baru ngasi ulasan. beli waktu 11.11 dgn harga yg lumayan miring, beneran dikonfir sm selernya. Thankyou kk baikâ¤",HOUSEE OF BEAUTY Serum Brightening Glow Up Pure White Booster Glowing ,makasih ka paket udh terima maaf baru ngasi ulas beli waktu 1111 dgn harga yang lumayan miring beneran dikonfir sm selernya thankyou kk baik
Yudi,"Meski salah pengiriman, tapi seller sangat kooperatif & gercep.
Barang  original..
Trims",Ms Glow Paket Whitening Series Free Pouch - Cream Pemutih Wajah,meski salah kirim seller sangat kooperatif gercep barang original trims
Julian,Pesanan sudah diterima dan kondisi baik sekali dan kualitasnya sesuai harapan terima kasih .. lagi lagi komplain untuk kurir yang gratis dari toped paket di lempar di ter... ,Diosys Semir Rambut Cat Pewarna Rambut Hair Color Permanent - 45 ml,pesan terima kondisi baik sekali kualitas sesuai harap terima kasih lagi komplain kurir gratis toped paket lempar ter
anton,mantabbbss................................,Secret Clean Propolis Antiseptic Mouthwash Obat Kumur Pembersih Mulut,mantabbbss
m,"lain kali kalau kirim mohon lebih teliti lagi, supaya tdk terjadi salah kirim, iya mau tanggung jawab untuk diganti barang, tapi saya rugi waktu dan ongkir untuk kirim ba... ",Chroma Bright Brightening Body Soap Flohera Sabun Mandi Pemutih Badan,kali kalau kirim mohon lebih teliti supaya tidak jadi salah kirim iya mau tanggung jawab ganti barang saya rugi waktu ongkir kirim ba
Bambang,memutihkan kulit dengan progress yang relatif cepat,Vaseline Gluta-Hya Serum Burst Lotion Body Serum Body Lotion,mutih kulit progress relatif cepat
Bambang,terasa sedikit pedas saat digunakan,Ms Glow Lip Serum Super Shine Lip Serum MsGlow Serum Bibir,asa sedikit pedas guna
juli,"mantap bang, sesuai pesanan",Kahf Skin Energizing And Brightening Face Wash Sabun Wajah Pria,mantap bang sesuai pesan
n***a,Barang datang selamat untuk parfumnya enak baunya mana harganya murah,Evangeline Sakura 100ml : Black Parfum Original Untuk Wanita Murah Ber,barang datang selamat parfum enak bau mana harga murah
A***a,"pas datang tutup nya kendor dan teksturnya cair
tulisan berbeda dengan yg asli, ujungnya juga berbeda dengan yg asli
guys hati2 yaa, ku kira emg karna kelamaan di jalan m... ",FACETOLOGY Triple Care Sunscreen SPF 40 PA+++ Sunblock Wajah ,pas datang tutup nya kendor tekstur cair tulis beda yang asli ujung beda yang asli guys hati2 yaa ku kira emg karna lama jalan m
Sofia,baru pertama nyoba smoga cocok,Ms Glow Face Wash Sabun Wajah Facial Wash Bright Cell DNA Cleanser Wajah Acne MsGlow,baru pertama nyoba smoga cocok
Fikri,"Saya suka produknya, baunya harum & tdk lengket.
semoga bz menyuburkan rambut
Thanks seller ğŸ‘",Mustika Ratu Hair Care - Minyak Zaitun Hair Oil Cem-Ceman Hair Tonic,suka produk bau harum tidak lengket moga bz subur rambut thanks seller
S***i,"Baru nyoba 1 kali beli produk ini sich.. Kalo dari iklan yg ada sich bagus bgt hasilnya.. Yaa Semoga beneran bagus dan cocok di kulit aq yaaa.. Klo cocok, nex bakaln orde... ",Reglow Sunscreen Luxury Glow Up Protection SPF 50 PA+++ Sunblock Spray,baru nyoba 1 kali beli produk sich kalo iklan yang sich bagus banget hasil yaa moga beneran bagus cocok kulit aq yaaa klo cocok nex bakaln orde
H***a,"Ga begitu manis, bisa dijadikan campuran musli/granola",Hotto Purto Multigrain Superfood Purple Potato Sereal Oat Drink Cereal,ga manis jadi campur musligranola
F***y,"Mantappp meski seperti nya agak tumpah ketika di perjalanan, dimaklumi aja dan semoga memuaskan",Maydooza Double Arbutin Night Whitening Booster Body Lotion Infused Whitening Hand Body Pemutih,mantappp meski nya tumpah di jalan maklum aja moga muas
Barkah,harum melembabkan kulit,Kojie San Body Wash Series Body Shower Goats Milk Kojic Acid Glow Skin,harum melembabkan kulit
Risyandini,"tersegel, semoga cocok untuk si kecil",Azarine Kids Fun In The Sun Skin Protector Sunscreen SPF 40 PA+++ Sunblock Anak,segel moga cocok si kecil
Risyandini,"sesuai pesanan, semoga cocok biar bisa repet order",BIOAQUA sheet mask Brightening Hydrating Essence face Mask Bioaqua,sesuai pesan moga cocok biar repet order
Risyandini,"masih tersegel, dan lama nya di pengiriman",Glad2Glow Milk Amino Acid Gentle Cleanser Brightening Face Wash Sabun Cuci Muka,segel lama nya kirim
eko,cocok kata istri saya,Noera Collagen Drink Minuman Serbuk Colagen Pemutih Badan Beauty Drink,cocok kata istri
g***y,"baru sekali pake, tapi semoga cocok sii, ga perih dimata, ga bikin kering di kulit muka (tergantung si ini, klo di aku aman)",SCORA 1% Salicylic Acid D-Panthenol Gentle Low pH Cleanser Sabun Cuci Muka Sensitive Facial Wash,baru sekali pake moga cocok sii ga perih mata ga bikin kering kulit muka gantung si klo aku aman
J***s,"cocok banget pake npure, pengiriman cepat dan aman",N'Pure Licorice Light It Up Brightening Pad Peeling Kapas N'Pure,cocok banget pake npure kirim cepat aman
Musyarofah,barang sesuai pesanan.. harum bgt..,Careso Body Lotion Brightening Tube Series Hand Body Mini Size Travel ,barang sesuai pesan harum banget
a***n,lembut dan wanginya enak bngt bkin fresh..,Gendes Paket Bundling Feminine Wash Foam & Sweet Aromatic Feminine Care Spray Pembersih Kewanitaan,lembut wangi enak bngt bkin fresh
F***y,"Mantappp meski seperti nya agak tumpah ketika di perjalanan, dimaklumi aja dan semoga memuaskan",Maydooza Double Arbutin Night Whitening Booster Body Lotion Infused Whitening Hand Body Pemutih,mantappp meski nya tumpah di jalan maklum aja moga muas
Barkah,harum melembabkan kulit,Kojie San Body Wash Series Body Shower Goats Milk Kojic Acid Glow Skin,harum melembabkan kulit
Risyandini,"tersegel, semoga cocok untuk si kecil",Azarine Kids Fun In The Sun Skin Protector Sunscreen SPF 40 PA+++ Sunblock Anak,segel moga cocok si kecil
Risyandini,"sesuai pesanan, semoga cocok biar bisa repet order",BIOAQUA sheet mask Brightening Hydrating Essence face Mask Bioaqua,sesuai pesan moga cocok biar repet order
Risyandini,"masih tersegel, dan lama nya di pengiriman",Glad2Glow Milk Amino Acid Gentle Cleanser Brightening Face Wash Sabun Cuci Muka,segel lama nya kirim
eko,cocok kata istri saya,Noera Collagen Drink Minuman Serbuk Colagen Pemutih Badan Beauty Drink,cocok kata istri
g***y,"baru sekali pake, tapi semoga cocok sii, ga perih dimata, ga bikin kering di kulit muka (tergantung si ini, klo di aku aman)",SCORA 1% Salicylic Acid D-Panthenol Gentle Low pH Cleanser Sabun Cuci Muka Sensitive Facial Wash,baru sekali pake moga cocok sii ga perih mata ga bikin kering kulit muka gantung si klo aku aman
J***s,"cocok banget pake npure, pengiriman cepat dan aman",N'Pure Licorice Light It Up Brightening Pad Peeling Kapas N'Pure,cocok banget pake npure kirim cepat aman
Musyarofah,barang sesuai pesanan.. harum bgt..,Careso Body Lotion Brightening Tube Series Hand Body Mini Size Travel ,barang sesuai pesan harum banget
a***n,lembut dan wanginya enak bngt bkin fresh..,Gendes Paket Bundling Feminine Wash Foam & Sweet Aromatic Feminine Care Spray Pembersih Kewanitaan,lembut wangi enak bngt bkin fresh
F***y,"Mantappp meski seperti nya agak tumpah ketika di perjalanan, dimaklumi aja dan semoga memuaskan",Maydooza Double Arbutin Night Whitening Booster Body Lotion Infused Whitening Hand Body Pemutih,mantappp meski nya tumpah di jalan maklum aja moga muas
Barkah,harum melembabkan kulit,Kojie San Body Wash Series Body Shower Goats Milk Kojic Acid Glow Skin,harum melembabkan kulit
Risyandini,"tersegel, semoga cocok untuk si kecil",Azarine Kids Fun In The Sun Skin Protector Sunscreen SPF 40 PA+++ Sunblock Anak,segel moga cocok si kecil
Risyandini,"sesuai pesanan, semoga cocok biar bisa repet order",BIOAQUA sheet mask Brightening Hydrating Essence face Mask Bioaqua,sesuai pesan moga cocok biar repet order
Risyandini,"masih tersegel, dan lama nya di pengiriman",Glad2Glow Milk Amino Acid Gentle Cleanser Brightening Face Wash Sabun Cuci Muka,segel lama nya kirim
eko,cocok kata istri saya,Noera Collagen Drink Minuman Serbuk Colagen Pemutih Badan Beauty Drink,cocok kata istri
g***y,"baru sekali pake, tapi semoga cocok sii, ga perih dimata, ga bikin kering di kulit muka (tergantung si ini, klo di aku aman)",SCORA 1% Salicylic Acid D-Panthenol Gentle Low pH Cleanser Sabun Cuci Muka Sensitive Facial Wash,baru sekali pake moga cocok sii ga perih mata ga bikin kering kulit muka gantung si klo aku aman
J***s,"cocok banget pake npure, pengiriman cepat dan aman",N'Pure Licorice Light It Up Brightening Pad Peeling Kapas N'Pure,cocok banget pake npure kirim cepat aman
Musyarofah,barang sesuai pesanan.. harum bgt..,Careso Body Lotion Brightening Tube Series Hand Body Mini Size Travel ,barang sesuai pesan harum banget
a***n,lembut dan wanginya enak bngt bkin fresh..,Gendes Paket Bundling Feminine Wash Foam & Sweet Aromatic Feminine Care Spray Pembersih Kewanitaan,lembut wangi enak bngt bkin fresh
