username,review,product
ANDRI,"mendarat dengan aman, packing aman, engga bocor, pengiriman cepat.",Autumn 7% Glycolic Acid Toner Solution Exfoliating Toner Wajah
K***s,"thank you, hotto nya asli, pengiriman cepat, harga bersahabat",Hotto Purto Multigrain Superfood Purple Potato Sereal Oat Drink Cereal
Awalia,mantap,Azarine Calm My Acne Sunscreen Moisturiser SPF35 PA+++ Sunblock Acne
gugun,good,Ms Glow Men Energizer Facial Wash / Face Wash MsGlow Men
Marissa,sesuai pesanan,Golden Viera Soap Original Asli Paket Hemat 3pcs
C***y,"bnr2 berkhasiat minum ini utk diet, jd gak gampang laper.....enak diminum mlm hari biar gak mkn byk2 hehehe......",Hotto Purto Multigrain Superfood Purple Potato Sereal Oat Drink / ECER
d***f,"parfumnya wangi, cocok buat malam",Braven Code For Men Eau De Parfum Parfume Tahan Lama Fragrance
r***n,"wangi dan harum 
cuman sayang mas paket kurang ramah",KELAYA Hair Treatment Shampoo Extract Aloe Vera & Minyak Kemiri
Neneng,Seller amanahğŸ™,YOU Purifying Bubble Sheet Mask Bubble Detox Masker Wajah Oil Control
h***f,"Wangi : seger fruity di awal terus drydown kayu2 an ada manisnya

Kecocokan : menurutku versatile cocok untuk semua occassion dari pagi siang sore malam",ELVICTO Extrait De Parfum Series For Men EDP Perfume Tahan Lama Cologne Pria
R***y,Sudah sampai dengan selamat. Terimakasih,Ms Glow Men Energizer Facial Wash / Face Wash MsGlow Men
A***a,pengemasan dan pengiriman oke barang aman sip deh pokoknya udh langganan disini,Whitelab Brightening Facial Wash Sabun Muka Pencerah Facewash
A***s,"pelayanan mantap. barang ori dan bermanfaat.
sudah reorder.",KELAYA Hair Treatment Shampoo Extract Aloe Vera & Minyak Kemiri
C***A,Kualitas barang ok. Penjual responsif. Terima kasih.,Secret Clean Propolis Antiseptic Mouthwash Obat Kumur Pembersih Mulut
Sulistyoningsih,sesuai ekspektasi dan coco dg tone kulitnya....suka dech,Nuface Flawless Serum Cushion with SPF 30 PA+++ Medium to High Coverage Bedak Wajah
Zulian,"Stock lama, beruntung segelnya belum terbuka",Azarine Hydrasoothe Sunscreen Gel SPF 45 Sunblock Gel Sun Protection
Nono,pesanan semuanya sesuai trimakasih,Dettol Bundling Bar Soap Sabun Batang Anti Bakteri Body Soap
Nono,trimakasih pesanan sesuai paking cukup aman,Dettol Refill Body Wash Sabun Mandi Cair Anti Bakteri Body Shower
Nono,trimaksih pesann SDH sampai,Kojie San Skin Lightening Soap - Kojic Acid Soap Body Soap Kojie San
Syah,"Barang sudah diterima, instan sesuai jadwal. Mooi viral cepat habis",Mooi Pure Glow Tone Up Booster Serum Glowing Wajah Lotion Pencerah Kulit Hand Body Body Lotion
A***a,"thanks, pesanan sampai... good conditions...",NEWLAB Brightlogy C-Gluta 360 Boost Minuman Glutathione Pencerah Kulit
A***g,Ok,KELAYA Hair Treatment Shampoo Extract Aloe Vera & Minyak Kemiri
R***a,"kurirnya cepet , bublle wrapnya tebel cepet meresap , kalo untuk cocok atau engga nya tergantung kulitnya,  mudah menyerap",Pipiqiu 7% Panthenol + 7% Cica Mugwort Skin Barrier Soothing Moisture Gel Pelembab Wajah Moisturizer
indra,mantap,The Face Cream Temulawak Krim Wajah Siang & Malam Whitening Cream
A***d,"minyak rambutnya bagus, awet dirambut dan ga mengganggu kalo keringetan",Mustika Ratu Hair Care - Minyak Zaitun Hair Oil Cem-Ceman Hair Tonic
M***y,sukaaa bnget moisturizer paling best yg pernah aku coba,Glad2Glow Centella Blueberry 5% Ceramide Pomegranate 5% Niacinamide Yuja Symwhite 377 Moisturizer Pelembab Gel
rico,"tutup nya rusak, tidak bisa ditutup",Whitelab Brightening Facial Wash Sabun Muka Pencerah Facewash
R***l,Bahannya pas sih ini jadi mungkin akan beli atau order kembali. apalagi yang punya wajah sensitif.,Azarine x Marvel Calming SkinPair Serum Repair Complex
Widianto,Tgl exp di bln 03 2025,BROMEN Acne Fight Expert Acne Spot Gel Obat Totol Jerawat Bruntusan
vandii,"sempet mau ganti variant, tapi ternyata suit tea enak banget dipake buat kerja, wangi nya fresh cowo banget",ELVICTO Extrait De Parfum Series For Men EDP Perfume Tahan Lama Cologne Pria
A***s,"barang sampai, cman expedisinya yg lama",Kahf Skin Energizing And Brightening Face Wash Sabun Wajah Pria
Guruh,"Toner yang ada 5% niacinamide nya bener-bener gong bangetttt bisa mencerahkan dan dia ada klaim whitening*, tapi Saya belum tahu pasti karena belum rutin sebelumnya Saya... ",Autumn 5% NIA â€“ HYA Whitening Toner Badan & Wajah Brightening Toner Face Toner
P***u,"setia dengan produk whitelab, udah cocok",Whitelab Acne Care Facial Wash Sabun Muka Wajah Jerawat Face Wash
Sulthan,wangi,Braven Code For Men Eau De Parfum Parfume Tahan Lama Fragrance
rarara,bagusss bangetttt,BIOAQUA Fantastic Me Glossy Lip Tint Lip Stain Waterproof LipTint Glass Shine
W***i,isinya dikit bet uyyy tapi ga papa tetep bagus semoga cocok,Animate Glowing Barrier Skin Repair Series 5in1 Paket Skincare Animate
E***o,"Alhamdulillah pesanan sudah saya terima dengan baik, pengiriman cepat. Terima kasih buat seller dan kurir, semoga sukses ğŸ’¯ğŸ‘",Bright & Glow Face Soap by Kojic Plankton | Brightening Soap - 40gr
Rendra,ğŸ”¥ğŸ”¥ğŸ”¥ğŸ”¥ğŸ”¥ top,Gendes Paket Bundling Feminine Wash Foam & Sweet Aromatic Feminine Care Spray Pembersih Kewanitaan
Rizqi,"semoga tidak overclaim, moisturizer cukup enak dipake untuk aku yg tipe kulit kering. dpt free masker juga ğŸ’",Pipiqiu 10% Niacinamide + Tranexamic Acid Extra Bright Skin Barrier Moisture Gel Pelembab Moisturizer
Moch,"Ori sesuai dengan deskripsi, terima kasih banyak kak...",Azarine Cicamide Barrier Sunscreen Moisturiser SPF35 PA+++
novita,"teksturnya lembut,ngga padet
blm coba jangka panjang smg cocokâ—",Animate Instant Whitening Glowing Acne Series Paket Skincare Wajah
p***e,"sesuai pesanan, pengiriman cepat pengemasan rapih â¤ï¸",Autumn 7% Glycolic Acid Toner Solution Exfoliating Toner Wajah
Lasmini,"barang yg datang sekilas nampak sama tulisan dr shindu putri di tutupin, trs isi cairanya beda sama yg pertama saya beli , klo yg prtma saya beli cairanya putih, yg sekar... ",Reglow Sunscreen Luxury Glow Up Protection SPF 50 PA+++ Sunblock Spray
GeeK,trima kasih paket sudah mendarat dan sesuai dengan pesanan,The Originote Bright B3 Serum Niacinamide + Glutathione - 20ml
Zarya,"Paket ok, aman dengan bubble wrap. Produk ok, sesuai, tidak terlihat cacat dan EXP masih lama. Terina kasig.",Somethinc Low pH Gentle Jelly Cleanser Sabun Wajah Face Wash Somethinc
H***a,baguss,Autumn 5% NIA â€“ HYA Whitening Toner Badan & Wajah Brightening Toner Face Toner
n***a,"teksturnya agak susah dibland,tapi masih gampang ngerti gak sihhğŸ˜­,tipkul aku normal to dry semoga cocokğŸ’‹ğŸ’‹",Animate Instant Glow Sunscreen Protection Sunblock Wajah SPF50+
jumaini,belum ada hasilnya masih 2 hari pemakaian,Autumn 5% NIA â€“ HYA Whitening Toner Badan & Wajah Brightening Toner Face Toner
A***s,Pengiriman sampai 6 hari,Herborist Olive Oil + Collagen Series Minyak Zaitun Collagen
susilawati,cepatbpengirimannya,Nuface Nu Flawless Loose Powder Series Bedak Tabur Wajah
f***i,"product sesuai dengan deskripsi, baru 3 hari pakai udah terasa perbedaanya. cuman pengirimannya aja lama",KELAYA Hair Treatment Shampoo Extract Aloe Vera & Minyak Kemiri
Bayu,bagus,STUDIO TROPIK Priming Water BB Size Series Setting Spray
G***g,enak wanginya bau kue ada aroma vanilla sedikit sebelumnya nyoba yg black vanilla seger kalo yg ini maniss kalo didiemin lama2 jadi soft wanginya,Evangeline Premium EDP 100ml Parfum Wanita Perfume Tahan Lama
Annishaa,"Bagus barang sesuai pesanan, cantik aku suka 
Pengiriman cepat respon toko juga cepat.
Tokonya amanah terimakasih yağŸ˜˜",Body White AHA Body Booster White Serum
Muhammad,bagus  cepat memutihkan dan tidak lengket,KOJIE SAN Body Lotion Series Hand Body Pemutih Kojiesan
Diffa,"lucu bangett gemes, aku dapet free produk sheet mask juga makasih yaaa",Pipiqiu 7% Panthenol + 7% Cica Mugwort Skin Barrier Soothing Moisture Gel Pelembab Wajah Moisturizer
mitha,tekstur ringan wanginya enak,Mooi Pure Glow Tone Up Booster Serum Glowing Wajah Lotion Pencerah Kulit Hand Body Body Lotion
R***d,Semoga cocok. Respon admin positif,AMATERASUN UV Sunscreen Serum SPF 50+ PA++ Sunblock Wajah
R***d,Packingan mantabb. kiriman sesuai,Braven Black Series - 100ml Eau De Parfume Men
R***d,pesan yg coklat dapat yang abu2,Kahf Gentle Exfoliating Face Scrub Sabun Wajah Noda Hitam Pria
O***a,"packing rapi, makasih",Autumn 5% NIA â€“ HYA Whitening Toner Badan & Wajah Brightening Toner Face Toner
G***g,"Barang Original
Wangi Dan Tahan Lama Cocok Dipakai Siang Hari",Braven Men Sport Deodorant Roll On - 50ml Anti Perspirant Quick Dry
zzavii,"sumpa bagus BANGETTT, aku co tanggal 27 sampe tanggal 28. IH LOVV LOVV BGTTT. dapat harga 14k lagii MAKASII SELLER DAN TOKOPEDIAğŸ˜»ğŸ˜»ğŸ˜»ğŸ˜»ğŸ˜»ğŸ˜»",Glad2Glow Centella Blueberry 5% Ceramide Pomegranate 5% Niacinamide Yuja Symwhite 377 Moisturizer Pelembab Gel
T***a,"bagus banget, bau nya tidak menyengat, pas di pakai rasanya seger banget,dan bisa melembabkan kulit, btw type kulit wajah ku berminyak ya ,dan cocok banget pakek ini",Autumn 5% NIA â€“ HYA Whitening Toner Badan & Wajah Brightening Toner Face Toner
pagimin,cepet banget. tanks. toko dn kurir,Braven Collection For Men Eau De Parfum Long Lasting Fragrance Parfume
Irman,Lawack cikğŸ˜¹,KELAYA Hair Treatment Shampoo Extract Aloe Vera & Minyak Kemiri
Asih,"sepertinya barang yg terima palsu, isinya air putih, bukan seperti aslinya.
sy kecewa 
ada lakban yg menutupi",Reglow Sunscreen Luxury Glow Up Protection SPF 50 PA+++ Sunblock Spray
iwi,"paket udh d terima,kurir nya baik, barang nya ok,next time order lg ğŸ™ğŸ˜Š",The Face Cream Temulawak Krim Wajah Siang & Malam Whitening Cream
Vica,"Alhamdulillah pesanan sampe packing Aman. 
dpt harga murah... 
kurir Ramah, tp gag anterin depan rumah.",Glad2Glow Serum Series Centella Acne Serum Yuja Jeju Vit C Retinol Peeling Serum Wajah
N***n,perih dipakai,Reglow Sunscreen Luxury Glow Up Protection SPF 50 PA+++ Sunblock Spray
Galang,kaget pake banget beli sabun muka dapet bonus kaya gini..,BROMEN Brightening Soap Facial Wash Sabun Cuci Muka Pria Pencerah
Farend,mantap,The Originote Ceratides Serum 20ml - Serum Memperbaiki Skin Barrier
N***i,kulit aku normal cocok pake cream whitening night soalnya mudah juga diaplikasikan enak bikin muka cerah,Night Cream MS Glow | Cream Malam Krim Malam MS Glow Series
G***a,paket sdh smp.dgn amn n pack rapi..smg sllu jd lngganan..tq toped n kurirnya,Reglow Sunscreen Luxury Glow Up Protection SPF 50 PA+++ Sunblock Spray
Lucy,"Fast response, harga bersahabat, recomend seller, tq ya seller

Cocok di kulit saya, ada perubahan jd cerah, flek memudar",SKINTIFIC 10% Vitamin C Brightening Glow Serum Glowing Facial Serum
Luqman,Awalnya pengen bira sama bajo tapi abis dan seller menawarkan gili dan toba... ternyata cakeeep... ğŸ˜„ğŸ˜†,BLP Airy Tint Lip Tint & Stain Lip Color Matte Tahan Lama
Landung,wangi fresh,Braven Collection For Men Eau De Parfum Long Lasting Fragrance Parfume
ADANI,"pengiriman cepat, sudah dilapisi bubble wrap tapi masih penyok boxnya untung ga rusak botolnya mungkin dari pihak pengirimnya",ELVICTO Extrait De Parfum Series For Men EDP Perfume Tahan Lama Cologne Pria
Ina,Mantap deh pokoknya real pict ğŸ˜ğŸ˜,BIOAQUA Niacinamide/Hyaluronic/Acne/Hexapeptide Antiaging Serum - 30ml
A***a,Semoga awet,ELVICTO Extrait De Parfum Series For Men EDP Perfume Tahan Lama Cologne Pria
Howdy,"sesuai orderan,  cmn telat kirimnya pdhl pake kurir next day krn urgent, penjualnya ga ada info kl barangnya lg abis, kl ga ditanya ga ada infonya...",Evangeline Premium EDP 100ml Parfum Wanita Perfume Tahan Lama
Howdy,"sesuai orderan,  cmn telat kirimnya pdhl pake kurir next day krn urgent, penjualnya ga ada info kl barangnya lg abis, kl ga ditanya ga ada infonya...",Scarlett Whitening Eau De Parfum EDP Perfume Tahan Lama Parfume
Howdy,"sesuai orderan,  cmn telat kirimnya pdhl pake kurir next day krn urgent, penjualnya ga ada info kl barangnya lg abis, kl ga ditanya ga ada infonya...",Grace And Glow 2in1 Hair Care & Perfume / Parfum Vitamin Rambut Spray
Howdy,"sesuai orderan,  cmn telat kirimnya pdhl pake kurir next day krn urgent, penjualnya ga ada info kl barangnya lg abis, kl ga ditanya ga ada infonya...",Talkme Gold Series Parfum Romawi British Oud Parfume Talk Me - 30ml
Howdy,"sesuai orderan,  cmn telat kirimnya pdhl pake kurir next day krn urgent, penjualnya ga ada info kl barangnya lg abis, kl ga ditanya ga ada infonya...",MINISO Zodiac Perfume Series Parfum Mini Zodiak EDT Tahan Lama Parfume Travel Eau de Toilette
Howdy,"sesuai orderan,  cmn telat kirimnya pdhl pake kurir next day krn urgent, penjualnya ga ada info kl barangnya lg abis, kl ga ditanya ga ada infonya...",Parfum Evangeline Selection 100ml Parfum Wanita Tahan Lama
Ahmad,"enak sih pas di pake bagus juga ,cuma pas nyampe barang nya tutup ny ga rapet jadi bocor banyak rembesan di bubble wrap ny , pengiriman ny tolong dong ,itu ada penyok jug... ",Autumn 5% NIA â€“ HYA Whitening Toner Badan & Wajah Brightening Toner Face Toner
rahma,"agak lamat,.. tapi sampai dengan selamat 
baru pertama x pakek si 
semoga cocok ğŸ‘ğŸ‘ğŸ‘",Scarlett Cream Acne / Brightly Day Night Cream Scarlett Whitening
Jamal,"packing top markotop, pengiriman tepat waktu...baunya segar mantep pokoknya...semoga awet untuk wanginya...recommended untuk tokonya",Braven Collection For Men Eau De Parfum Long Lasting Fragrance Parfume
Bayu,bahannya ringan tekstur lembur kental tp mudah menyerap dan melembapkan dan mencerahkan juga,The Originote Brightening Moisturizer Pelembab Wajah With Niacinamide
Bayu,"Bahannya ringan tekstur kental tp mudah menyerap ke kulit, dan lumayan bikin cerah",The Originote Brightening Moisturizer Pelembab Wajah With Niacinamide
Ridwan,sesuai pesanan...thx,Braven Code For Men Eau De Parfum Parfume Tahan Lama Fragrance
diana,bocor,Mustika Ratu Hair Care - Minyak Zaitun Hair Oil Cem-Ceman Hair Tonic
Risky,Sipp,Ms Glow Men Energizer Facial Wash / Face Wash MsGlow Men
R***a,"produk sesuai pesanan. penjual responsif, expired msh lama. terimakasih.",Makarizo Hair Energy Fibertherapy Conditioning Shampoo Shampo 2in1
F***n,Oke oke oke...,ELVICTO Deep Clean Facewash Sabun Pembersih Wajah Facewash For Men
E***a,"Terimakasih gift no wonder 8 nya, bagus & terpakai",Somethinc HYALuronic9+ Advanced + B5 Serum Wajah Hydrathing Serum
Ahmad,"pengiriman sangat lama, jadi bintang 4 saja",Glad2Glow Toner Centella Propolis Brightening Exfoliating Toner Face Toner Acne
D***i,bsnahabbaabananananananananananananananannaannaananan,Parfum Pria Braven Sport -100ml Eau De Parfum Men Tahan Lama
Hera,"pas buka wrappingx,, yg variant refresh agak tumpah sdkit jdi btol nya bsah tpi takpelah 
semoga cocok",Kelaya Hair Revitalizer Mist Hair Parfum Vitamin Rambut Hair Care
Hera,"baru coba
semoga cocok",Kelaya Hair Care Series Hair Serum & Hair Treatment Minyak Kemiri
Mardi,"Produknya kurang menunjukkan hasil, kekurangan nya memiliki efek white cast yang mana setelah penggunaan, kulit  jadinya lebih ke pucat dan tidak fresh, setelah penggunaa... ",KOJIE SAN Body Lotion Series Hand Body Pemutih Kojiesan
Gie,"ini untuk cewek atau udah cerah dari aslinya kalau cocok bikin tambah aegerrrr...kalau untuk kulit gelap/cowok lumayan bikin cerah, cuma melembabkan aja. tapi dipakai ena... ",Nuface Nu Glow Facial Serum Vitamin C - 20 ml
Gie,"ini untuk kulit cewek atau udah cerah dari aslinya... kalau untuk kulit gelap/cowok ga bakalan cerah, cuma melembabkan aja. tapi dipakai enak cepet merata. 
trims Tokoped... ",Nuface Nu Glow Liquid Brighten & Supple Skin Serum (Niacinamide Serum)
D***a,"barang mendarat dengan selamat..
wanginya lumayan tahan lama.",Braven Collection For Men Eau De Parfum Long Lasting Fragrance Parfume
F***h,"Oke barang sesuai pesanan.. packing aman, exp date aman.. mantap ğŸ‘",Secret Clean Propolis Antiseptic Mouthwash Obat Kumur Pembersih Mulut
Erni,krim nya bau tidak seperti biasa nya,MS Glow Whitening Day Cream | Krim Crem Pagi Ms Glow
Muhammad,"pas di unbox puas banget pacing rapih udah pake bubble warp sama ada kardusnya, mantep abiesss",Braven Collection For Men Eau De Parfum Long Lasting Fragrance Parfume
Apipudin,mantaappp.. barang original,MS Glow Men Power Serum Original Serum MSGlow For Men
Apipudin,mantaaappp.. barang original,Ms Glow Men Energizer Facial Wash / Face Wash MsGlow Men
Irma,"barang sudah sampai, sesuai pesanan makasih kk",SALSA Nail Peel Off Kuteks Set Cat Kuku Nail Polish Halal Kutek Hijab
alpa,maannntaaaappp,Bright & Glow Face Soap by Kojic Plankton | Brightening Soap - 40gr
alpa,joosss,Kahf Skin Energizing And Brightening Face Wash Sabun Wajah Pria
nur,wangi bener,Braven Black Series - 100ml Eau De Parfume Men
M***d,Parfum sangat wangi untuk harga kantong pelajar,Braven Code For Men Eau De Parfum Parfume Tahan Lama Fragrance
Zulham,"Sesuai dengan pesanan, seller responsif, pengiriman cepat and thanks bonus tasnya",Ms Glow Paket Whitening Series With White Cell DNA Pencerah Wajah MsGlow
s***a,"barang ori, cocok dikulit berminyak, exp jg masih lama dan sellernya ramah.",EIEM Beauty Series Moisturizer/ Serum Brightening Acne Hydrating Toner
s***a,"barang ori, harga terjangkau dan adminnya ramah bgtt.",Mustika Ratu Hair Care - Minyak Zaitun Hair Oil Cem-Ceman Hair Tonic
kusmana,paket sudah diterima pengiriman cepat barang ok anak saya senangğŸ‘ğŸ‘,Yessica's Clay Stick Mask Tea Three & Strawberry Anti Pores & Acne Masker Wajah
kayvan,"alhamdulillah barangnya sudah sampai dan wanginya enak bangett, nanti mau coba varian lainnya dari elvicto. keep it upp !!",ELVICTO Extrait De Parfum Series For Men EDP Perfume Tahan Lama Cologne Pria
Bagus,"barang original, tp yg saya keluhkan ekspedisinya masak sby-blitar aja 8hari.
tokopedia jangan kerjasama dg JNE pliss",Ms Glow Men Energizer Facial Wash / Face Wash MsGlow Men
R***u,wangi bagus tapi kok kalo kena air kek hilang gitu ga bau nya apa emang begitu,Braven Collection For Men Eau De Parfum Long Lasting Fragrance Parfume
Anakva,jos,Mustika Ratu Hair Care - Minyak Zaitun Hair Oil Cem-Ceman Hair Tonic
Yustian,"Bagus, seller cepat tanggap.",Braven Black Series - 100ml Eau De Parfume Men
F***Y,bagussss,Ms Glow Night Cream White Cell DNA Cream Wajah Pemutih MsGlow
B***s,ori jngn diragukan lagi,Glad2Glow Centella Blueberry 5% Ceramide Pomegranate 5% Niacinamide Yuja Symwhite 377 Moisturizer Pelembab Gel
Sulianto,"Packing rapi, barang ori, mantap",Braven Collection For Men Eau De Parfum Long Lasting Fragrance Parfume
Landeng,barang packing aman..semoga cocok,Mustika Ratu All Series Shampoo 175ml Perawatan Rambut Mustika Ratu
Kholilah,ngk expec ternyata sebesar itu,Autumn 5% NIA â€“ HYA Whitening Toner Badan & Wajah Brightening Toner Face Toner
A***d,wangi lembut,Grace And Glow - Brightening Body Serum 2in1 Parfume
A***l,Alhamdulillah akhirnya paket datang juga barang datang sesuai pesanan.. makasih seller,MS Glow Whitening Day Cream | Krim Crem Pagi Ms Glow
Mamik,bagus sesuai,Yessica's 5in1 Crystal Glowing Cream Krim Wajah Goat Milk Moisturizer Facial Moist Pelembab Wajah Yessica
Wahyu,"Wanginya sangat nyaman n enak.. gak bikin eneg.. Memang tipe buat malam nih parfum.. 
Kualitas memang bagus..",ELVICTO 10PM Extrait De Parfum For Men EDP Perfume Tahan Lama
c***o,nice,Braven Collection For Men Eau De Parfum Long Lasting Fragrance Parfume
huff,"wanginya g keluar, ky bau air",Parfum Evangeline Batik Elle 100ml / Parfum Wanita Original
EKO,Barang sdh Sampai & Sesuai Pesanan Thanks,Kelaya Hair Revitalizer Mist Hair Parfum Vitamin Rambut Hair Care
Antonius,"Pelayanan cepat, pengiriman sesuai estimasi, terima kasih seller dan Tokopedia",Hotto Purto Multigrain Superfood Purple Potato Sereal Oat Drink Cereal
Hidayanto,barang sudah sampai terimaksih,Facetology Real Oat Triple Care Facial Gel Cleanser Sabun Cuci Muka
Marselinus,Kojie san body scrub dah sampai. MantappppğŸ‘ğŸ‘ğŸ‘,Kojie San Body Scrub Series Lulur Badan Glow Skin Kojic Acid Goat Milk
s***u,"baru mau coba,,semoga cocok",Autumn 7% Glycolic Acid Toner Solution Exfoliating Toner Wajah
L***y,Barang dikemas dengan sangat baik sehingga barang dlm kondisi baik dan bagus. Barang yg diterima sesuai pesanan,Natur-E Advanced Soft Capsule Suplemen Vitamin Penghilang Flek
C***e,Pengiriman standart. Barang diterima dengan kondisi baik. Packing juga baik. Terima kasih,YOONA All Night Pads 29cm / 36cm Pembalut Kesehatan Organik Organic Pad
syabhita,"tekstur nya kayak jelly, semoga cocok deh di aku karena baru nyobain",Glad2Glow Centella Blueberry 5% Ceramide Pomegranate 5% Niacinamide Yuja Symwhite 377 Moisturizer Pelembab Gel
Shofiyyah,"bahannya ringan, gampang diserap dan enak dipakai pokoknya suka banget deh 
ğŸ’—ğŸ’—ğŸ’—",Glad2Glow Centella Blueberry 5% Ceramide Pomegranate 5% Niacinamide Yuja Symwhite 377 Moisturizer Pelembab Gel
P***i,"suka bangett, ga bikin berminyak. tampol banget dah",Nuface Cover Me Sun Shield Sunscreen Wajah SPF 30 / SPF 50 Sunblock
n***y,"baru coba pakai semoga cocok di muka q,, kalau cocok next order lagi,,untuk pengiriman lewat tgl estimasi nya..trmksh mimin",The Face Cream Temulawak Krim Wajah Siang & Malam Whitening Cream
A***i,ok mantaf ğŸ‘,Ms Glow Men Energizer Facial Wash / Face Wash MsGlow Men
R***o,meskipun agak riskan lihat packingnya ternyata cukup aman meskipun saat pengiriman paket dilempar kurir botol parfumnya tidak pecah. untuk wangi parfum ini sendiri menuru... ,Braven Code For Men Eau De Parfum Parfume Tahan Lama Fragrance
n***r,"Produk diterima dengan baik, Ketika digunakan produk bertekstur gel dan ketika di apply langsung merata dan menyerap dalam kulit, overall pemakaian seminggu kurleb ada ef... ",Pipiqiu 7% Panthenol + 7% Cica Mugwort Skin Barrier Soothing Moisture Gel Pelembab Wajah Moisturizer
lilis,sama kaya yang di foto semoga bagus,N Pure Cica Clear Pad Sachet Peeling Kapas Pembersih Wajah Npure
R***a,dapatnya yg potent hiks hiks...pdhl berharap yg 10% krn lebih nampol.,SKINTIFIC 10% Vitamin C Brightening Glow Serum Glowing Facial Serum
t***t,mantap aromanya eank,Parfum Evangeline Batik Aura 100ml / Evangeline Batik 100ml Aura
a***a,mantappp,Animate Instant Whitening Glowing Acne Series Paket Skincare Wajah
Fery,Sesuai foto dan deskripsi. Terima kasih.,Kahf Skin Energizing And Brightening Face Wash Sabun Wajah Pria
F***d,Agak ada white cast nya,Azarine Hydracool Ceraspray Sunscreen SPF 50 PA+++ Sunscreen Spray 
J***e,baguss,Chroma Bright Brightening Body Soap Flohera Sabun Mandi Pemutih Badan
y***a,blm dicoba smga cck asli gede bgt barang nya,Autumn 5% NIA â€“ HYA Whitening Toner Badan & Wajah Brightening Toner Face Toner
Fauziah,bagus cuman ini bukan botol pum nya,Facetology Triple Care Hydra Cleanse Micellar Water Pembersih Make Up
V***a,"yang seri ini wanginya biasa semua, banyak yang sama dengan parfum lainnya. kayanya ketahanannya kurang, intinya spl kurang.",Talkme Star Series Eau De Parfum EDP Parfume Minyak Wangi Luxury Mewah Talk Me
V***a,"yang ini enak wanginya, tapi masih perlu diuji untuk ketahanan",Talkme Perfume Men And Women Set Series Eau De Perfume Parfum 
Raflie,"mantap barang mendarat dengan aman, sudah dipacking dengan bubble wrap",Braven Collection For Men Eau De Parfum Long Lasting Fragrance Parfume
F***i,sesuai pesanannn,Ms Glow Paket Acne Series Free Pouch / Cream Penghilang Jerawat
C***A,Kualitas barang ok. Penjual responsif. Terima kasih.,TRUEVE Gentle Low pH Facial Cleanser
Febri,"belum aku coba day cream nya ,semoga cocok di kulit aku,soalnya kulit ku sensitif, aku mau pake day cream nya karena aku gamau di bilang magrib,dan semoga aku cocok biar... ",Animate Instant Whitening Glowing Acne Series Paket Skincare Wajah
dini,oke bgtt bikin cerah juga apalagi kalo kringetan yaa bikin muka glowing naturalllğŸ˜ğŸ˜,Animate Acne Solution Series 5in1 Paket Skincare Penghilang Jerawat
L***a,sugoi pokonya,Bioaqua Brightening Facial Exfoliating Gel Scrub Wajah Peeling Gel Face Scrub
j***a,"suka bgt sama wanginya, overall puasâœ¨",ELVICTO 10PM Extrait De Parfum For Men EDP Perfume Tahan Lama 
sonhaji,"sudah cocok dgn ini, gentle gak bikin beruntusan, gak bikin kering tp bs membersihkan dg seksama",NPURE Gel Cleanser Noni Probiotics Cleanse Me Softly
yhw,barang bagus tapi kelakuan penjualnya ampun. dia bilang barang ready bisa dikirim gosend instan. ternyata dikirim besoknya itu pun ga dikirim pagi2 tapi siang. alasannya... ,O.TWO.O Makeup Base Cream Invisible Pore Soft Focus Make Up Primer Zero Pores Primer Face Primer
Benny,"kemarin saya tanyakan apa bisa kirim instant, dijawab bisa, saya bayar dengan biaya kirim instant 3 jam, dan barang baru dikirim keesokan harinya, kalau tahu gitu buat ap... ",Orizen Peach Powder Drink Minuman Serbuk Pelangsing Peach Detox Tea 
r***a,"aman pokoknya, puasss sekaliijsjsjsjwjjsjsn",Autumn 7% Glycolic Acid Toner Solution Exfoliating Toner Wajah
b***y,koq aku coba cek barcode nya tidak terbaca ya..harusnya kan keluar nama produk jika memang sdh terdaftar bpom..jadi ragu deh,Gendes Paket Bundling Feminine Wash Foam & Sweet Aromatic Feminine Care Spray Pembersih Kewanitaan
K***a,"penjualnya amanah, terimakasih kak",Parfum Evangeline Batik Elle 100ml / Parfum Wanita Original
l***i,Packing rapi,The Originote Bright B3 Serum Niacinamide + Glutathione - 20ml
N***e,"perpectğŸ¥°ğŸ¥°ğŸ¥°ğŸ¥°ğŸ¥°ğŸ¥°ğŸ¥°ğŸ¥°ğŸ¥°ğŸ¥°ğŸ¥° 
#thanks dunia kecantikanğŸ˜˜ #thanks tokopediağŸ˜˜ #thanks ID expressğŸ˜˜",Dear Me Beauty Serum Lip Tint / Lip Stain - 3ml
Ivan,"Tampak lebih moist, ga bikin kulit ketarik...terima kasih",Clinelle Caviar Gold Firming Cleanser Gel Face Wash Facial Cleanser
a***h,"bagus banget, texturenya ringan, gampang menyerap jugaa",Dear Me Beauty Skin Barrier Sunscreen SPF 50 PA++++
Laili,barang okey... expayert masih lama 2027,The Face Cream Temulawak Krim Wajah Siang & Malam Whitening Cream
Adinna,bagusss lembutt,Mooi Pure Glow Tone Up Booster Serum Glowing Wajah Lotion Pencerah Kulit Hand Body Body Lotion
Unip,barang sesuai,Glad2Glow Centella Salicylic Acid Acne Gel Cleanser Facial Wash Face Wash Jerawat Sabun Wajah
Fikri,mantap dapat harga murah,Kahf Triple Protection Sunscreen Moisturizer SPF 30 PA+++ Sunblock
Robert,Fast response n delivery ğŸ‘ğŸ»,Nuface Nu Glow Facial Wash Gel Hydra Lock | Brighten | Acne FaceWash
Robert,Fast response n delivery ğŸ‘ğŸ»ğŸ‘ğŸ»,Grace And Glow - Body Wash Scrub 2in1 Body Care Parfume
A***r,"blind buy yg kesekian kalinya overall mantep, cuma ga berharap lebih di spl nya dengan harga segini, love braven âœŒï¸",Braven Collection For Men Eau De Parfum Long Lasting Fragrance Parfume
M***n,Pas sampai di hari libur. Semoga cocok produknya. Terima kasih Admin & kurir :-D,Yessica's 5in1 Crystal Glowing Cream Krim Wajah Goat Milk Moisturizer Facial Moist Pelembab Wajah Yessica
Muhammad,mantap,ELVICTO Brightening Serum For Men Serum Wajah Whitening Pencerah 
A***i,alhamdulillah brg selamat poko nya the best toko nya,Geamoore Parfum Wanita Addicted Series 15ml EDP Geamore Geamor
keysha,mantap toko nya amanah, FEALI 5x Pro-Xylane Anti Aging Moisturizing Cream And Goat Milk
F***a,"oriii, ringan, ga bikin kulit ketarik, bisa untuk mencerahkan, murah lagiiğŸ˜­ğŸ˜­",MS Glow Face Wash | Sabun Wajah MS Glow MSGlow
S***i,mantapp,Braven Code For Men Eau De Parfum Parfume Tahan Lama Fragrance 
Alya,"warnanya bagus, lumayan tahan lama",Azarine x Red Velvet Tinted Lippie Cake Lip Tint Stain 
r***a,bahan nya ringgap gampang diserap,STUDIO TROPIK Priming Water BB Size Series Setting Spray
a***a,"sesuai bgt, wangi + ori pokonya mantap dehh ğŸ¥¹ğŸ¤",Mooi Pure Glow Tone Up Booster Serum Glowing Wajah Lotion Pencerah Kulit Hand Body Body Lotion
d***i,"melembabkan, beruntusan berkurang, komedo berkurang, bagus deh",NPURE 30ML Face Toner Centella Asiatica (Cica Series)
R***a,makasih pesenannya udah datang semoga cocok ğŸ¥°,Ms Glow Paket Acne Series Free Pouch / Cream Penghilang Jerawat
Fadila,bahan nya cepet menyerap,Camille Little Pop Face Mist Setting Spray Makeup Penyegar Wajah 
S***i,"Baru pertama pakai, & Smg cocok",BIBILOP Lightening Underarm Spray 2in1 Deodorant & Whitening Cream Deo Spray
N***a,maaf min karena barang nyampe gak tempat waktu hampir seminggu malahan jadi â­ 3 dulu yaa,Evangeline Musk Series Parfum Wanita Eau De Parfume Tahan Lama
sasmita,teman saya pakai produk ini cocok di kulitnya.,Glad2Glow Centella Blueberry 5% Ceramide Pomegranate 5% Niacinamide Yuja Symwhite 377 Moisturizer Pelembab Gel
C***a,"belum di pakai, semoga warna awet dan hasil memuaskan",Diosys Semir Rambut Cat Pewarna Rambut Hari Color Permanent Dyosis
A***N,"cocok, udah botol ke 4",Secret Clean Propolis Antiseptic Mouthwash Obat Kumur Pembersih Mulut
Risa,"bahannya ringan cepet menyerap trus bagus banget, tokonya juga amanah pokoknya the beast dehh",Glad2Glow Centella Blueberry 5% Ceramide Pomegranate 5% Niacinamide Yuja Symwhite 377 Moisturizer Pelembab Gel
B***s,"bau nya enak, lumayan lah buat harga segini ğŸ˜",Braven Collection For Men Eau De Parfum Long Lasting Fragrance Parfume
Indana,bestttttttğŸ¥°ğŸ¥°ğŸ¥°ğŸ¥°ğŸ¥°ğŸ¥°ğŸ¥°ğŸ¥°ğŸ¥°ğŸ¥°ğŸ¥°ğŸ¥°ğŸ¥°ğŸ¥°ğŸ¥°ğŸ¥°ğŸ¥°ğŸ¥°ğŸ¥°ğŸ¥°ğŸ¥°ğŸ¥°ğŸ¥°ğŸ¥°ğŸ¥°ğŸ¥°ğŸ¥°ğŸ¥°ğŸ¥°ğŸ¥°ğŸ¥°ğŸ¥°ğŸ¥°ğŸ¥°ğŸ¥°ğŸ¥°ğŸ˜ğŸ¥°,Nuface Cover Me Sun Shield Sunscreen Wajah SPF 30 / SPF 50 Sunblock
M***S,bakal jadi member ni kayanya aku,Talkme Black Bacarat - 35ml Eau De Parfume Cowok Tahan Lama Talkme
Y***i,bagus dan harum wangi membuat pipi jadi lebih bersih Oke gitu ya,Body White Aha Brightening Body Toner 250ml Toner Badan 
S***i,sd dtng kemasan aman,Fameux Body Cream ( Bleaching) 500 ml
Yustivan,Mantan pengiriman cepat,FACETOLOGY Triple Care Sunscreen SPF 40 PA+++ Sunblock Wajah 
F***n,mantaappp barang Sangat sesuaiiğŸ‘ğŸ‘ğŸ‘ğŸ‘ğŸ‘,Braven Code For Men Eau De Parfum Parfume Tahan Lama Fragrance 
Wahyu,Sangat Baik,Yessica's 5in1 Crystal Glowing Cream Krim Wajah Goat Milk Moisturizer Facial Moist Pelembab Wajah Yessica
Dewi,"makasih tokopedia..
dapat diskon 10 rb.
barangnya mantul tdk ada lecet samasekali.
semoga cocok di kulit aku.",Autumn 5% NIA â€“ HYA Whitening Toner Badan & Wajah Brightening Toner Face Toner
Azka,"beli dua, dapet dua..",Parfum Evangeline Batik Aura 100ml / Evangeline Batik 100ml Aura
Susi,after nya ada abuÂ² nya,ISWHITE 5in1 Glow Body Sunscreen SPF 45 PA+++ Sunblock Badan 
Angga,"Aromanya enak, meskipun daya tahannya kurang lama ğŸ‘",Braven Collection For Men Eau De Parfum Long Lasting Fragrance Parfume
A***a,"real pict, baguss mana murah bgtt top deh",Mooi Pure Glow Tone Up Booster Serum Glowing Wajah Lotion Pencerah Kulit Hand Body Body Lotion
Dewi,ternyata wangi nya soft banget.. suka sekali,Evangeline Premium EDP 100ml Parfum Wanita Perfume Tahan Lama
Vivi,"Suka bangettt wanginya aku bangett, udah lama pingin beli akhirnya kebeli jugaa, makasihh admin",CARESO Body Frangrance Series - 100ml Body Perfume Spray
f***i,nyobain ganti dan ternyata nyaman banget gada rasa keset tapi berasa beraih terus wanginya juga gentle bukan yang nyengat parah kayaknya kalau habis bakal purchase merk i... ,Milk Recipe Gentle Feminine Wash Mengurangi Bau Pembersih Kewanitaan
S***a,wangi,CARESO Body Frangrance Series - 100ml Body Perfume Spray
Kj,"efek langsung kerasa, raambut kering kaku langsung jadi lemes, wangi juga. bakal langganan kek nyağŸ˜†",Makarizo Hair Energy FIbertherapy Hair & Scalp Creambath Masker Rambut
M***a,"lucuuu mungil, warnanya juga Pigmented bgt bagusssğŸ˜ğŸ˜",Goute Goublush All in One Cream Blush for Blush On Eye Shadow 
y***i,"fast respon, semoga cocok. makasih",Golden Viera Soap / Sabun Pembersih Wajah Berjerawat / Sabun Jerawat
Astrid,seller ramah pengiriman cepat puas pokok e,Diosys Semir Rambut Cat Pewarna Rambut Hari Color Permanent Dyosis
m***n,salah kirim,Animate Acne Solution Series 5in1 Paket Skincare Penghilang Jerawat
B***t,"Oke sesuai deskripsi dan pesanan, Terima kasih.....",SKINTIFIC Symwhite 377 Dark Spot Moisturizer Gel Cream Flek Hitam
B***t,"Oke sesuai deskripsi dan pesanan, Terima kasih.....",SKINTIFIC 5X Ceramide Serum Sunscreen SPF50 PA++++ Sunblock Wajah UVA
Welly,ok,MS Glow Face Wash | Sabun Wajah MS Glow MSGlow
M***l,"sekitar seminggu pemakaian, masih ada ketombe dan tetep gatel. kurang efektif.",FELAUFEE Dandruff Treatment Serum Shampoo Anti Ketombe Sampo Anti Lepek
I***a,"Barang datang dengan selamat, packing rapih, produk ringan saat dipakai dan membuat make up tahan lama",STUDIO TROPIK Priming Water BB Size Series Setting Spray
Sri,"produknya,kwalitasnya bgs,sy cocok sdh lama pakai produk ini. dan rasa puas,di kulit wajah JD halus,TDK kering,lembab trs.",Azarine C-White Brightening Facial Cleanser / Face Cleanser Azarine
D***a,ğŸ˜ wangi banget parfumnya,Braven Code For Men Eau De Parfum Parfume Tahan Lama Fragrance 
s***i,biar bintang yang berbicaraâ¤ï¸,Vaseline Gluta-Hya Serum Burst Lotion Body Serum Body Lotion
o***a,tekstur nya ringan bahan nya enak pengemasan nya cepet sih pengiriman nya juga ori barang nya,SKINTIFIC 5X Ceramide Skin Barrier Moisture Gel Moisturizer Cream
Ramadhan,"tidak menyerap di wajah jadi kaya bedakan, dijadiin hand cream aja deh",The Face Cream Temulawak Krim Wajah Siang & Malam Whitening Cream
Nina,wanginya tahan lama,Herborist Juice For Skin Body Serum - 180gr
alkahfi,mantap dengan harga seginu kalo itu bakal beli mulu deh hehe,Kahf Skin Energizing And Brightening Face Wash Sabun Wajah Pria
N***i,alhamdulillah aman,MS Glow Men Maskulin 2 In 1 Body Lotion Parfume MsGlow For Men
m***d,good,The Originote Niaceramide Sunscreen Mist SPF 50 PA++++ Sunblock Spray
amir,mantap,Reglow Double Action Acne Spot Gel Obat Totol Jerawat Acne Treatment
Meli,bgus,PERFECT WHITE AHA Body Serum Whitening & Moisturizing Serum Pemutih Badan
Wuriono,ampuh menghilangkan bau mulut,Secret Clean Propolis Antiseptic Mouthwash Obat Kumur Pembersih Mulut
dino,berlangganan,KELAYA Hair Treatment Shampoo Extract Aloe Vera & Minyak Kemiri
dino,berlangganan dan selalu memuaskan,KELAYA Hair Treatment Shampoo Extract Aloe Vera & Minyak Kemiri
D***k,"barang datang aman packing, sesuai gambar.baru dicoba sekali",FELAUFEE Dandruff Treatment Serum Shampoo Anti Ketombe Sampo Anti Lepek
D***y,"barang bagus, penjual fast respon tapi kurir lambat",Ms Glow Paket Luminous Series Free Pouch / Ms Glow Original
Ophi,Mantaff.. Sesuai dengan pesanan,Braven Black Series - 100ml Eau De Parfume Men
Y***i,puas bangettt,Chierra Pink Glow Up Mask Masker Wajah Whitening Agents Clay Mask
David,"Seller keren banget, kesalahan saya bisa dibantu sm ybs. Semoga selalu ditambahkan rezekinya",SKINTIFIC 10% Vitamin C Brightening Glow Serum Glowing Facial Serum
D***i,"wangi baby, seger seger khas gimana gituu",Evangeline Premium EDP 100ml Parfum Wanita Perfume Tahan Lama
Daniel,Packing super aman.,MOSSERU 3% Tranexamic Bright Booster Serum Tranexamic Acid Niacinamide Brightening Serum
a***o,semoga cocok dikulit yg berjerawat.,Golden Viera Soap Original Asli Paket Hemat 3pcs
d***a,"mantap, membuat kaki jadi kinclong dan lembut",Noera Exfoliating Foot Mask Masker Kaki Foot Pedicure
Dika,puas banget sma Artha skincare wajah nya..enak banget dimukağŸ¥°ğŸ¥°ğŸ‘ğŸ»,Paket Wajah Artha Skincare Wajah Whitening Pencerah Wajah
a***n,mantaaaaaaaaaaaaaaaaaaaaaaaaaaaaaaaaaaaaaaaaaaaaaaaaaaaaaaaaaaaaaaaaaaaaaaaaaaaaaaaaaaaaaaaaaaaaap,Kelaya Hair Revitalizer Mist Hair Parfum Vitamin Rambut Hair Care
Ferdi,"Recommended seller. Fast  and delivery.  Good  quality , and price and original goods.",Braven Men Sport Deodorant Roll On - 50ml Anti Perspirant Quick Dry
Icha,"ordernya kejauhan. Lupa udh balik Jkt. Jd nunggunya kelamaan
tapi warnanya sih cakep. smg di bibir jatuhnya gk tua",O.TWO.O Haute Hydrating Vinyl Lip Gloss Moisturizing High Shine Watery Formula Plump Lip Tint OTWOO
Zahra,"packing nya rapi , suka sekali sama produk g2g",Glad2Glow Centella Blueberry 5% Ceramide Pomegranate 5% Niacinamide Yuja Symwhite 377 Moisturizer Pelembab Gel
R***n,wangi nya enak cocok untuk malam hari,Braven Code For Men Eau De Parfum Parfume Tahan Lama Fragrance 
Yudi,"So far so good, terasa enteng di muka, gak bikin kaku",ELVICTO Brightening Serum For Men Serum Wajah Whitening Pencerah 
Puji,sesuai deskripsi tapi minyak zaitun nya sedikit tumpah karena tutup nya kurang rapat . mohon di beri lakban fragile,Mustika Ratu Hair Care - Minyak Zaitun Hair Oil Cem-Ceman Hair Tonic
Syaiful,"mantap luar biasa
exp msih lama

cocok untuk aktifitas cwokÂ²",Kahf All-in-One Power Toning Face Spray 100 ml - Toner Wajah Pria
Syaiful,"mantap luar biasa
exp msih lama

cocok untuk aktifitas cwokÂ²",Kahf Triple Protection Sunscreen Moisturizer SPF 30 PA+++ Sunblock
Amelia,Shamponya bagus bgt pemakain pertama kepala adem dan ketombenya pd kabur,FELAUFEE Dandruff Treatment Serum Shampoo Anti Ketombe Sampo Anti Lepek
Yanuar,"dapet harga miring, puas banget",Natur-E White Brightening Soft Capsule Suplemen VitaminÂ Kecantikan 
T***i,"kecil tapi buat beruntusan ilang dikit, tapi bagus bgt. semoga cocok",SKINTIFIC 5X Ceramide Skin Barrier Moisture Gel Moisturizer Cream
Ridwan,"produk ori, packing ok sangat aman, seller fast respon. 
okok",Azarine Active Bright - Brightening Night Moisturiser - 20gr
Mario,ok ori,Ms Glow Men Energizer Facial Wash / Face Wash MsGlow Men
s***i,mantap,FACETOLOGY Triple Care Sunscreen SPF 40 PA+++ Sunblock Wajah 
a***a,baguuusss banget..aku syuka,Scarlett Whitening Body Lotion Pemutih Badan Hand Body Scarlet
D***i,"wanginya kuat, tapi lama-kelamaan memudar",Parfum Evangeline Sakura Red 100ml / Evangeline Sakura Red 100ml
Gunawan,Bagus sekali packingnyaa...,TAKEDA Pro TKD-H8 Rapid Dry Hairdryer Pengering Rambut Takeda Hair Dryer
Gunawan,Bagus sekali packingnya,M-Joptim Repairing Renewal Face Oil Essence Essens Essences Mjoptim
Gunawan,Suuper sekalii..,Paket The Favored One BB Glow Beauty Mask & Le Shine Water
Gunawan,Selalu langganan di Toko ini,Dr Schatz Goji Luminous Serum Lotion Drschatz Bekas Jerawat
Gunawan,Love it....,M-Joptim Astaxanthin Illuminating Toner M Joptim MJoptim
Gunawan,Selalu langganan di toko ini...,M-Joptim Bubble Moisturizing Mask M Joptim MJoptim
Gunawan,Bagus sekali packingnya..,M-Joptim Anti-Wrinkle Lifting Peptide Capsule Kapsul Essence Antiaging
Gunawan,Bagus sekali packingnyaa,TakedaPro TKD-9978 Proffesional Hair Dryer 1100W Hairdryer Pengering Rambut Hair Dresser Takeda
Lukita,"Ringan, lembut di kulit, tidak menyebab iritasi, cocok untuk kulit sensitif, harga bersaing ğŸ‘ğŸ‘ğŸ‘",NPURE Gel Cleanser Noni Probiotics Cleanse Me Softly
herdika,"aromanya kurang suka, seperti aroma yang bapa bapa",Miniso Garden Of Mirror Bleu Parfum Eau De Parfum Tahan Lama Parfume Men EDP
j***a,"packing tebal, pengiriman cepat",Facetology Triple Care Hydra Cleanse Micellar Water Pembersih Make Up
dedeh,hand bodynya blepotan. karna .pas dibuka tutupnya ga ada  lapisan fowerup,Bibit Ratu Arab Pemutih Badan Original Bibit Pemutih Lotion Badan
M***d,"barang datang dengan cepat, cuman kenapa ya ko bungkus plastik nya banyak noda dan sedkit berdebu",SKINTIFIC 5X Ceramide Skin Barrier Moisture Gel Moisturizer Cream
V***y,"wanginya harum,halus di rambut,cocok di semua tipe rambut",Hair Mask Lae Sa Luay Smooth Keratin Masker Spa Rambut Creambath 250ml
Danar,"recommended seller, sudah langganan disini, barang selalu original, barcode tembus",Ms Glow Men Energizer Facial Wash / Face Wash MsGlow Men
Jingga,Barang pesanan tidak saya terima,Rintik Skincare No Bump Lotion Acne Body Lotion Kulit Bruntusan Jerawat Punggung & Chicken skin
Septy,"respon penjual sangat baik,pengiriman cepat packing rapi",Gendes Sweet Aromatic Feminine Spray 7 Miracle Bioactives Merawat Kewanitaan
I***u,harum sepanjang hari,Braven Men Sport Deodorant Roll On - 50ml Anti Perspirant Quick Dry
iwan,"DAPET HARGA 15RIBU AJAA YWYEYWYYWYWY  7,5/10 DEH WHHEHE",TALKME Sparkling Body Mist Parfum Fragrance Mist Tahan Lama Talk Me
Darno,"mantap sih keren,,,mandi pagi langsung pake dong ,,,dan wangiiiiiğŸ‘",Gendes Paket Bundling Feminine Wash Foam & Sweet Aromatic Feminine Care Spray Pembersih Kewanitaan
s***a,"biasa aja wanginya, dominan alkohol, dry downnya aneh :(( mungkin ga cocok ajaa yaa buatku",Evangeline Premium EDP 100ml Parfum Wanita Perfume Tahan Lama
sri,warna bagus sesuai pesanan,O.TWO.O Matte Lipstick Misty Kiss Lock Color Silky 24H Long Lasting Lip Make Up Lip Stik
N***i,Asli,Facetology Triple Care Hydra Cleanse Micellar Water Pembersih Make Up
i***n,sukak banget sama produk ini,Gendes Sweet Aromatic Feminine Spray 7 Miracle Bioactives Merawat Kewanitaan
e***a,pesan masker yg dikirim body lotion,White Glow Perfect Mask by SKINFLAIR Masker Wajah Tone Up Pencerah
sukmawati,"pesen 2 sabun kojic plangton,saat dibuka bungkus yg pertama kok warnanya hijau,dan tidak aja jaring untuk tempat sabunnya,terus sy perhatikan bungkus sabunnya ternyata ti... ",Bright & Glow Face Soap by Kojic Plankton | Brightening Soap - 40gr
Widyawati,Alhamdulillah dpt harga discount,Azarine Calm My Acne Sunscreen Moisturiser SPF35 PA+++ Sunblock Acne
ariel,JOSSSSSSSSSS!,Facetology Triple Care Hydra Cleanse Micellar Water Pembersih Make Up
T***i,dicatatan sudah ditulis minta bagian tutup diselotip agar kuat ga bocor tetapi ga diselotip juga jadi bocor didalam paket,Kojie San Body Wash Series Body Shower Goats Milk Kojic Acid Glow Skin
Nia,Alhamdulillah kulit sdah agak cerahan sering pakai produk ini,Brightening Booster Gold Powder Serbuk Pemutih Badan Whitening Powder
Muhammad,Makasi penghantaran cepetğŸ‘ğŸ»,SKINTIFIC Mugwort Clay Mask Stick for Kulit Sensitif Masker Wajah Acne
A***r,"cepat sampai nya
barang ori
toko fast respon",KELAYA Hair Treatment Shampoo Extract Aloe Vera & Minyak Kemiri
h***r,"sesuai, pengiriman barang aman, makasih",Mustika Ratu Hair Care - Minyak Zaitun Hair Oil Cem-Ceman Hair Tonic
A***y,"Bahannya ringan,gampang dibersihkan, gamp",Whitelab Brightening Facial Wash Sabun Wajah Brightening Face Wash
kyysa,sumpah bgs bangetttttt!!!!!!! ğŸ˜,Mooi Pure Glow Tone Up Booster Serum Glowing Wajah Lotion Pencerah Kulit Hand Body Body Lotion
Z***a,"best bgt parfumnya, wangi tahan lama dan fresh",TALKME Sparkling Body Mist Parfum Fragrance Mist Tahan Lama Talk Me
S***l,"aman barangnya ga ada kebocoran 
wanginya manis
makasih",Tata Keratin Daily Vitamin Hair Mist Parfum Rambut Hair Parfume 
S***l,"halus brown nya
aman packingannya 
makasih",PINKFLASH Waterproof Easy Eyebrow Pencil Pensil Alis
E***g,"Produk berkualitas dan original, kecepatan jasa kirim sangat baik",Diosys Semir Rambut Cat Pewarna Rambut Hair Color Permanent - 45 ml
agustian,"barang bagus, kukira agak gede ternyata segede kutil wkwk",SKINTIFIC 4D Hyaluronic Acid ( HA ) Barrier Essence Toner Pelembab 
Rully,bagus dan sesuai,Chierra Pink Glow Up Mask Masker Wajah Whitening Agents Clay Mask
R***a,"paket datang dalam keadaan bagus dan baik, pengiriman barang sesuai estimasinya, packing nya aman dan rapih, semoga bermanfaat",ISWHITE Whitening Ultimate Body Mask Masker Badan Pencerah Tubuh
renatadheaaa,cocok buat ngerahin kulit,HOUSEE OF BEAUTY Serum Brightening Glow Up Pure White Booster Glowing 
s***o,"produk sesuai deskripsi, packing aman kemasan masih segel, pengiriman cepat",MS Glow Face Wash | Sabun Wajah MS Glow MSGlow
e***a,ringan dan tidak lengket,Facetology Triple Care Hydra Cleanse Micellar Water Pembersih Make Up
D***o,"seller mwantabs
pengiriman cepat
kurir mwantabs
trimakasih",TALKME Parfum Rich Series 30ML - Parfum Eau De Toilette Tahan Lama
D***o,"seller mwantabs
pengiriman cepat
kurir mwantabs
trimakasih",Talkme Star Series Eau De Parfum EDP Parfume Minyak Wangi Luxury Mewah Talk Me
S***A,"baru pertama kali coba sama produk ini, siapa tau cocok",Mustika Ratu Hair Care - Minyak Zaitun Hair Oil Cem-Ceman Hair Tonic
Transporter,"Barang sesuai deskripsi
Respon penjual cepat
Ekapedisi sesuai jadwal
Terima kadih semua ğŸ™",Parfum Evangeline Zodiac Capricorn 50ml / Evangeline Zodiak Capricorn
B***i,mantaps ğŸ‘ğŸ‘ğŸ‘Œ,Talkme Star Series Eau De Parfum EDP Parfume Minyak Wangi Luxury Mewah Talk Me
d***a,"makasih ka paketnya udh diterima, maaf ya baru ngasi ulasan. beli waktu 11.11 dgn harga yg lumayan miring, beneran dikonfir sm selernya. Thankyou kk baikâ¤",HOUSEE OF BEAUTY Serum Brightening Glow Up Pure White Booster Glowing 
Yudi,"Meski salah pengiriman, tapi seller sangat kooperatif & gercep.
Barang  original..
Trims",Ms Glow Paket Whitening Series Free Pouch - Cream Pemutih Wajah
Julian,Pesanan sudah diterima dan kondisi baik sekali dan kualitasnya sesuai harapan terima kasih .. lagi lagi komplain untuk kurir yang gratis dari toped paket di lempar di ter... ,Diosys Semir Rambut Cat Pewarna Rambut Hair Color Permanent - 45 ml
anton,mantabbbss................................,Secret Clean Propolis Antiseptic Mouthwash Obat Kumur Pembersih Mulut
m,"lain kali kalau kirim mohon lebih teliti lagi, supaya tdk terjadi salah kirim, iya mau tanggung jawab untuk diganti barang, tapi saya rugi waktu dan ongkir untuk kirim ba... ",Chroma Bright Brightening Body Soap Flohera Sabun Mandi Pemutih Badan
Bambang,memutihkan kulit dengan progress yang relatif cepat,Vaseline Gluta-Hya Serum Burst Lotion Body Serum Body Lotion
Bambang,terasa sedikit pedas saat digunakan,Ms Glow Lip Serum Super Shine Lip Serum MsGlow Serum Bibir
juli,"mantap bang, sesuai pesanan",Kahf Skin Energizing And Brightening Face Wash Sabun Wajah Pria
n***a,Barang datang selamat untuk parfumnya enak baunya mana harganya murah,Evangeline Sakura 100ml : Black Parfum Original Untuk Wanita Murah Ber
A***a,"pas datang tutup nya kendor dan teksturnya cair
tulisan berbeda dengan yg asli, ujungnya juga berbeda dengan yg asli
guys hati2 yaa, ku kira emg karna kelamaan di jalan m... ",FACETOLOGY Triple Care Sunscreen SPF 40 PA+++ Sunblock Wajah 
Sofia,baru pertama nyoba smoga cocok,Ms Glow Face Wash Sabun Wajah Facial Wash Bright Cell DNA Cleanser Wajah Acne MsGlow
Fikri,"Saya suka produknya, baunya harum & tdk lengket.
semoga bz menyuburkan rambut
Thanks seller ğŸ‘",Mustika Ratu Hair Care - Minyak Zaitun Hair Oil Cem-Ceman Hair Tonic
S***i,"Baru nyoba 1 kali beli produk ini sich.. Kalo dari iklan yg ada sich bagus bgt hasilnya.. Yaa Semoga beneran bagus dan cocok di kulit aq yaaa.. Klo cocok, nex bakaln orde... ",Reglow Sunscreen Luxury Glow Up Protection SPF 50 PA+++ Sunblock Spray
H***a,"Ga begitu manis, bisa dijadikan campuran musli/granola",Hotto Purto Multigrain Superfood Purple Potato Sereal Oat Drink Cereal
F***y,"Mantappp meski seperti nya agak tumpah ketika di perjalanan, dimaklumi aja dan semoga memuaskan",Maydooza Double Arbutin Night Whitening Booster Body Lotion Infused Whitening Hand Body Pemutih
Barkah,harum melembabkan kulit,Kojie San Body Wash Series Body Shower Goats Milk Kojic Acid Glow Skin
Risyandini,"tersegel, semoga cocok untuk si kecil",Azarine Kids Fun In The Sun Skin Protector Sunscreen SPF 40 PA+++ Sunblock Anak
Risyandini,"sesuai pesanan, semoga cocok biar bisa repet order",BIOAQUA sheet mask Brightening Hydrating Essence face Mask Bioaqua
Risyandini,"masih tersegel, dan lama nya di pengiriman",Glad2Glow Milk Amino Acid Gentle Cleanser Brightening Face Wash Sabun Cuci Muka
eko,cocok kata istri saya,Noera Collagen Drink Minuman Serbuk Colagen Pemutih Badan Beauty Drink
g***y,"baru sekali pake, tapi semoga cocok sii, ga perih dimata, ga bikin kering di kulit muka (tergantung si ini, klo di aku aman)",SCORA 1% Salicylic Acid D-Panthenol Gentle Low pH Cleanser Sabun Cuci Muka Sensitive Facial Wash
J***s,"cocok banget pake npure, pengiriman cepat dan aman",N'Pure Licorice Light It Up Brightening Pad Peeling Kapas N'Pure
Musyarofah,barang sesuai pesanan.. harum bgt..,Careso Body Lotion Brightening Tube Series Hand Body Mini Size Travel 
a***n,lembut dan wanginya enak bngt bkin fresh..,Gendes Paket Bundling Feminine Wash Foam & Sweet Aromatic Feminine Care Spray Pembersih Kewanitaan
F***y,"Mantappp meski seperti nya agak tumpah ketika di perjalanan, dimaklumi aja dan semoga memuaskan",Maydooza Double Arbutin Night Whitening Booster Body Lotion Infused Whitening Hand Body Pemutih
Barkah,harum melembabkan kulit,Kojie San Body Wash Series Body Shower Goats Milk Kojic Acid Glow Skin
Risyandini,"tersegel, semoga cocok untuk si kecil",Azarine Kids Fun In The Sun Skin Protector Sunscreen SPF 40 PA+++ Sunblock Anak
Risyandini,"sesuai pesanan, semoga cocok biar bisa repet order",BIOAQUA sheet mask Brightening Hydrating Essence face Mask Bioaqua
Risyandini,"masih tersegel, dan lama nya di pengiriman",Glad2Glow Milk Amino Acid Gentle Cleanser Brightening Face Wash Sabun Cuci Muka
eko,cocok kata istri saya,Noera Collagen Drink Minuman Serbuk Colagen Pemutih Badan Beauty Drink
g***y,"baru sekali pake, tapi semoga cocok sii, ga perih dimata, ga bikin kering di kulit muka (tergantung si ini, klo di aku aman)",SCORA 1% Salicylic Acid D-Panthenol Gentle Low pH Cleanser Sabun Cuci Muka Sensitive Facial Wash
J***s,"cocok banget pake npure, pengiriman cepat dan aman",N'Pure Licorice Light It Up Brightening Pad Peeling Kapas N'Pure
Musyarofah,barang sesuai pesanan.. harum bgt..,Careso Body Lotion Brightening Tube Series Hand Body Mini Size Travel 
a***n,lembut dan wanginya enak bngt bkin fresh..,Gendes Paket Bundling Feminine Wash Foam & Sweet Aromatic Feminine Care Spray Pembersih Kewanitaan
F***y,"Mantappp meski seperti nya agak tumpah ketika di perjalanan, dimaklumi aja dan semoga memuaskan",Maydooza Double Arbutin Night Whitening Booster Body Lotion Infused Whitening Hand Body Pemutih
Barkah,harum melembabkan kulit,Kojie San Body Wash Series Body Shower Goats Milk Kojic Acid Glow Skin
Risyandini,"tersegel, semoga cocok untuk si kecil",Azarine Kids Fun In The Sun Skin Protector Sunscreen SPF 40 PA+++ Sunblock Anak
Risyandini,"sesuai pesanan, semoga cocok biar bisa repet order",BIOAQUA sheet mask Brightening Hydrating Essence face Mask Bioaqua
Risyandini,"masih tersegel, dan lama nya di pengiriman",Glad2Glow Milk Amino Acid Gentle Cleanser Brightening Face Wash Sabun Cuci Muka
eko,cocok kata istri saya,Noera Collagen Drink Minuman Serbuk Colagen Pemutih Badan Beauty Drink
g***y,"baru sekali pake, tapi semoga cocok sii, ga perih dimata, ga bikin kering di kulit muka (tergantung si ini, klo di aku aman)",SCORA 1% Salicylic Acid D-Panthenol Gentle Low pH Cleanser Sabun Cuci Muka Sensitive Facial Wash
J***s,"cocok banget pake npure, pengiriman cepat dan aman",N'Pure Licorice Light It Up Brightening Pad Peeling Kapas N'Pure
Musyarofah,barang sesuai pesanan.. harum bgt..,Careso Body Lotion Brightening Tube Series Hand Body Mini Size Travel 
a***n,lembut dan wanginya enak bngt bkin fresh..,Gendes Paket Bundling Feminine Wash Foam & Sweet Aromatic Feminine Care Spray Pembersih Kewanitaan
